url,source_feed,label
https://youware.com,https://tranco-list.eu/top-1m.csv.zip,legitimate
https://shenailin.cn,https://tranco-list.eu/top-1m.csv.zip,legitimate
https://aztekium.pl,https://tranco-list.eu/top-1m.csv.zip,legitimate
https://speltips.se,https://tranco-list.eu/top-1m.csv.zip,legitimate
https://freeorion.org,https://tranco-list.eu/top-1m.csv.zip,legitimate
https://2helpu.com,https://tranco-list.eu/top-1m.csv.zip,legitimate
https://62hadir.com,https://tranco-list.eu/top-1m.csv.zip,legitimate
https://biosciencetechnology.com,https://tranco-list.eu/top-1m.csv.zip,legitimate
https://finpri.com,https://tranco-list.eu/top-1m.csv.zip,legitimate
https://telecentro.com.ar,https://tranco-list.eu/top-1m.csv.zip,legitimate
https://nailcolor.work,https://tranco-list.eu/top-1m.csv.zip,legitimate
https://logintrade.pl,https://tranco-list.eu/top-1m.csv.zip,legitimate
https://vaillant.co.uk,https://tranco-list.eu/top-1m.csv.zip,legitimate
https://blueland.com,https://tranco-list.eu/top-1m.csv.zip,legitimate
https://openafs.org,https://tranco-list.eu/top-1m.csv.zip,legitimate
https://nexusmusicon.com.br,https://tranco-list.eu/top-1m.csv.zip,legitimate
https://52284y.com,https://tranco-list.eu/top-1m.csv.zip,legitimate
https://eqmoos.xyz,https://tranco-list.eu/top-1m.csv.zip,legitimate
https://lacework.bz,https://tranco-list.eu/top-1m.csv.zip,legitimate
https://szdong.cn,https://tranco-list.eu/top-1m.csv.zip,legitimate
https://vnn69.com,https://tranco-list.eu/top-1m.csv.zip,legitimate
https://hoppinger.com,https://tranco-list.eu/top-1m.csv.zip,legitimate
https://pravakupiq.com,https://tranco-list.eu/top-1m.csv.zip,legitimate
https://eastplus.cn,https://tranco-list.eu/top-1m.csv.zip,legitimate
https://paperless.com.co,https://tranco-list.eu/top-1m.csv.zip,legitimate
https://xtv.cz,https://tranco-list.eu/top-1m.csv.zip,legitimate
https://jglcis.ru,https://tranco-list.eu/top-1m.csv.zip,legitimate
https://ppd.com,https://tranco-list.eu/top-1m.csv.zip,legitimate
https://e-wall.net,https://tranco-list.eu/top-1m.csv.zip,legitimate
https://tiananstone.com,https://tranco-list.eu/top-1m.csv.zip,legitimate
https://fyfxy.cn,https://tranco-list.eu/top-1m.csv.zip,legitimate
https://panda.sa,https://tranco-list.eu/top-1m.csv.zip,legitimate
https://tigosports.com.sv,https://tranco-list.eu/top-1m.csv.zip,legitimate
https://core2cloudx.com,https://tranco-list.eu/top-1m.csv.zip,legitimate
https://myazinomobile.com,https://tranco-list.eu/top-1m.csv.zip,legitimate
https://apispl.link,https://tranco-list.eu/top-1m.csv.zip,legitimate
https://knu.kg,https://tranco-list.eu/top-1m.csv.zip,legitimate
https://parseerror.net,https://tranco-list.eu/top-1m.csv.zip,legitimate
https://synofin.tech,https://tranco-list.eu/top-1m.csv.zip,legitimate
https://viplinko.com,https://tranco-list.eu/top-1m.csv.zip,legitimate
https://leevalley.com,https://tranco-list.eu/top-1m.csv.zip,legitimate
https://libre-express.com,https://tranco-list.eu/top-1m.csv.zip,legitimate
https://codehs.me,https://tranco-list.eu/top-1m.csv.zip,legitimate
https://fatsantaslot.com,https://tranco-list.eu/top-1m.csv.zip,legitimate
https://caravansa.co.za,https://tranco-list.eu/top-1m.csv.zip,legitimate
https://cgaa.org,https://tranco-list.eu/top-1m.csv.zip,legitimate
https://superpatch.com,https://tranco-list.eu/top-1m.csv.zip,legitimate
https://pepsi777.store,https://tranco-list.eu/top-1m.csv.zip,legitimate
https://xwin000.com,https://tranco-list.eu/top-1m.csv.zip,legitimate
https://gamesbeat.com,https://tranco-list.eu/top-1m.csv.zip,legitimate
https://lojackforlaptops.com,https://tranco-list.eu/top-1m.csv.zip,legitimate
https://taxi-inf.jp,https://tranco-list.eu/top-1m.csv.zip,legitimate
https://summarystory.com,https://tranco-list.eu/top-1m.csv.zip,legitimate
https://voce.chat,https://tranco-list.eu/top-1m.csv.zip,legitimate
https://ronron-lolita.com,https://tranco-list.eu/top-1m.csv.zip,legitimate
https://ordio.com,https://tranco-list.eu/top-1m.csv.zip,legitimate
https://icanh.gov.co,https://tranco-list.eu/top-1m.csv.zip,legitimate
https://rtkit.dev,https://tranco-list.eu/top-1m.csv.zip,legitimate
https://gotoit.pl,https://tranco-list.eu/top-1m.csv.zip,legitimate
https://cqmingpian.cn,https://tranco-list.eu/top-1m.csv.zip,legitimate
https://hdkexpress.com,https://tranco-list.eu/top-1m.csv.zip,legitimate
https://vortextide.xyz,https://tranco-list.eu/top-1m.csv.zip,legitimate
https://sponget.com,https://tranco-list.eu/top-1m.csv.zip,legitimate
https://agaghhh.cc,https://tranco-list.eu/top-1m.csv.zip,legitimate
https://jmtoto.guru,https://tranco-list.eu/top-1m.csv.zip,legitimate
https://invivolibrary.com,https://tranco-list.eu/top-1m.csv.zip,legitimate
https://endicia.com,https://tranco-list.eu/top-1m.csv.zip,legitimate
https://ann-kate.jp,https://tranco-list.eu/top-1m.csv.zip,legitimate
https://golfzonpark.com,https://tranco-list.eu/top-1m.csv.zip,legitimate
https://sogbet.net,https://tranco-list.eu/top-1m.csv.zip,legitimate
https://10086ytt.com,https://tranco-list.eu/top-1m.csv.zip,legitimate
https://vvcam54.com,https://tranco-list.eu/top-1m.csv.zip,legitimate
https://bai512.cn,https://tranco-list.eu/top-1m.csv.zip,legitimate
https://syfengyuan.cn,https://tranco-list.eu/top-1m.csv.zip,legitimate
https://corosifabusion.com,https://tranco-list.eu/top-1m.csv.zip,legitimate
https://17lands.com,https://tranco-list.eu/top-1m.csv.zip,legitimate
https://jp-weathernews.com,https://tranco-list.eu/top-1m.csv.zip,legitimate
https://radarcianjur.com,https://tranco-list.eu/top-1m.csv.zip,legitimate
https://cn-jiaogun.com,https://tranco-list.eu/top-1m.csv.zip,legitimate
https://corporacionbi.com,https://tranco-list.eu/top-1m.csv.zip,legitimate
https://zlimovel.com.br,https://tranco-list.eu/top-1m.csv.zip,legitimate
https://lacework.biz,https://tranco-list.eu/top-1m.csv.zip,legitimate
https://kubekfurniture.com,https://tranco-list.eu/top-1m.csv.zip,legitimate
https://lillylashes.com,https://tranco-list.eu/top-1m.csv.zip,legitimate
https://doctorsforum.ru,https://tranco-list.eu/top-1m.csv.zip,legitimate
https://risposta.app,https://tranco-list.eu/top-1m.csv.zip,legitimate
https://powershineapp.com,https://tranco-list.eu/top-1m.csv.zip,legitimate
https://jcofoundry.com,https://tranco-list.eu/top-1m.csv.zip,legitimate
https://yaydex.ru,https://tranco-list.eu/top-1m.csv.zip,legitimate
https://rainbowmealworms.net,https://tranco-list.eu/top-1m.csv.zip,legitimate
https://experienceoz.com.au,https://tranco-list.eu/top-1m.csv.zip,legitimate
https://sujinyan.com,https://tranco-list.eu/top-1m.csv.zip,legitimate
https://pixel4k.com,https://tranco-list.eu/top-1m.csv.zip,legitimate
https://capitolweekly.net,https://tranco-list.eu/top-1m.csv.zip,legitimate
https://modernism.ro,https://tranco-list.eu/top-1m.csv.zip,legitimate
https://chbmgmt.com,https://tranco-list.eu/top-1m.csv.zip,legitimate
https://centraltickets.co.uk,https://tranco-list.eu/top-1m.csv.zip,legitimate
https://rsoficial.com,https://tranco-list.eu/top-1m.csv.zip,legitimate
https://xiaobeihuiyuan.cn,https://tranco-list.eu/top-1m.csv.zip,legitimate
https://royalkingrx.com,https://tranco-list.eu/top-1m.csv.zip,legitimate
https://menicka.cz,https://tranco-list.eu/top-1m.csv.zip,legitimate
https://lunatask.app,https://tranco-list.eu/top-1m.csv.zip,legitimate
https://peoplemanagingpeople.com,https://tranco-list.eu/top-1m.csv.zip,legitimate
https://betcompany.net,https://tranco-list.eu/top-1m.csv.zip,legitimate
https://vwsignanddrive.com.br,https://tranco-list.eu/top-1m.csv.zip,legitimate
https://himalpress.com,https://tranco-list.eu/top-1m.csv.zip,legitimate
https://patthai.org,https://tranco-list.eu/top-1m.csv.zip,legitimate
https://2undr.co.uk,https://tranco-list.eu/top-1m.csv.zip,legitimate
https://pishkhan.com,https://tranco-list.eu/top-1m.csv.zip,legitimate
https://nicproxy.com,https://tranco-list.eu/top-1m.csv.zip,legitimate
https://rorix.nl,https://tranco-list.eu/top-1m.csv.zip,legitimate
https://getnet.com.ar,https://tranco-list.eu/top-1m.csv.zip,legitimate
https://kpsys.de,https://tranco-list.eu/top-1m.csv.zip,legitimate
https://jclqg.cn,https://tranco-list.eu/top-1m.csv.zip,legitimate
https://zvnkj.cn,https://tranco-list.eu/top-1m.csv.zip,legitimate
https://thediymommy.com,https://tranco-list.eu/top-1m.csv.zip,legitimate
https://shengyuanfloor.cn,https://tranco-list.eu/top-1m.csv.zip,legitimate
https://aibs.org,https://tranco-list.eu/top-1m.csv.zip,legitimate
https://infokreasindo.co.id,https://tranco-list.eu/top-1m.csv.zip,legitimate
https://squaresigns.com,https://tranco-list.eu/top-1m.csv.zip,legitimate
https://sparkcoin.uk,https://tranco-list.eu/top-1m.csv.zip,legitimate
https://inc.net,https://tranco-list.eu/top-1m.csv.zip,legitimate
https://cruiseamerica.com,https://tranco-list.eu/top-1m.csv.zip,legitimate
https://allpaintingsstore.com,https://tranco-list.eu/top-1m.csv.zip,legitimate
https://lddc.ru,https://tranco-list.eu/top-1m.csv.zip,legitimate
https://finanzen.at,https://tranco-list.eu/top-1m.csv.zip,legitimate
https://worldmaster.fr,https://tranco-list.eu/top-1m.csv.zip,legitimate
https://hiltonpropertymedia.com,https://tranco-list.eu/top-1m.csv.zip,legitimate
https://kvdj.com.cn,https://tranco-list.eu/top-1m.csv.zip,legitimate
https://cr7.vip,https://tranco-list.eu/top-1m.csv.zip,legitimate
https://metrodiner.com,https://tranco-list.eu/top-1m.csv.zip,legitimate
https://nichia.co.jp,https://tranco-list.eu/top-1m.csv.zip,legitimate
https://myloveidol.com,https://tranco-list.eu/top-1m.csv.zip,legitimate
https://screen.cloud,https://tranco-list.eu/top-1m.csv.zip,legitimate
https://baggieshost.com,https://tranco-list.eu/top-1m.csv.zip,legitimate
https://launchdigi-z387t73p-alt10.net,https://tranco-list.eu/top-1m.csv.zip,legitimate
https://pravda.jp,https://tranco-list.eu/top-1m.csv.zip,legitimate
https://energytech.com,https://tranco-list.eu/top-1m.csv.zip,legitimate
https://foxxprovider.com.br,https://tranco-list.eu/top-1m.csv.zip,legitimate
https://motorbikewriter.com,https://tranco-list.eu/top-1m.csv.zip,legitimate
https://grandresortserranegra.com.br,https://tranco-list.eu/top-1m.csv.zip,legitimate
https://maistapajos.bet,https://tranco-list.eu/top-1m.csv.zip,legitimate
https://wtm.uk,https://tranco-list.eu/top-1m.csv.zip,legitimate
https://playmaisreverso.net.br,https://tranco-list.eu/top-1m.csv.zip,legitimate
https://bochk.com,https://tranco-list.eu/top-1m.csv.zip,legitimate
https://myedenred.be,https://tranco-list.eu/top-1m.csv.zip,legitimate
https://xxxcensored.com,https://tranco-list.eu/top-1m.csv.zip,legitimate
https://itcs-webclock.com,https://tranco-list.eu/top-1m.csv.zip,legitimate
https://vzlom.cc,https://tranco-list.eu/top-1m.csv.zip,legitimate
https://talktotech.ru,https://tranco-list.eu/top-1m.csv.zip,legitimate
https://automaxxparts.com,https://tranco-list.eu/top-1m.csv.zip,legitimate
https://kynomyr.com,https://tranco-list.eu/top-1m.csv.zip,legitimate
https://squareinformatix.net,https://tranco-list.eu/top-1m.csv.zip,legitimate
https://shapecomb.com,https://tranco-list.eu/top-1m.csv.zip,legitimate
https://angka-alexis.pro,https://tranco-list.eu/top-1m.csv.zip,legitimate
https://dmsys.com,https://tranco-list.eu/top-1m.csv.zip,legitimate
https://kora.io,https://tranco-list.eu/top-1m.csv.zip,legitimate
https://jtbcustom.com,https://tranco-list.eu/top-1m.csv.zip,legitimate
https://ug.edu.ec,https://tranco-list.eu/top-1m.csv.zip,legitimate
https://airforce.mil.ph,https://tranco-list.eu/top-1m.csv.zip,legitimate
https://mydreamlightvalley.com,https://tranco-list.eu/top-1m.csv.zip,legitimate
https://jlxhjcgc.pro,https://tranco-list.eu/top-1m.csv.zip,legitimate
https://fanfzlxh.cn,https://tranco-list.eu/top-1m.csv.zip,legitimate
https://pifdata.net,https://tranco-list.eu/top-1m.csv.zip,legitimate
https://filezilla-project.org,https://tranco-list.eu/top-1m.csv.zip,legitimate
https://combopay.co,https://tranco-list.eu/top-1m.csv.zip,legitimate
https://huskerboard.com,https://tranco-list.eu/top-1m.csv.zip,legitimate
https://yad2rus.co.il,https://tranco-list.eu/top-1m.csv.zip,legitimate
https://zapatosdetalla.com,https://tranco-list.eu/top-1m.csv.zip,legitimate
https://microchipdirect.com,https://tranco-list.eu/top-1m.csv.zip,legitimate
https://magazin-n1.online,https://tranco-list.eu/top-1m.csv.zip,legitimate
https://desinme.com,https://tranco-list.eu/top-1m.csv.zip,legitimate
https://biggnet.net,https://tranco-list.eu/top-1m.csv.zip,legitimate
https://line-up.tickets,https://tranco-list.eu/top-1m.csv.zip,legitimate
https://fsaf.cn,https://tranco-list.eu/top-1m.csv.zip,legitimate
https://timesnewspapers.com,https://tranco-list.eu/top-1m.csv.zip,legitimate
https://manelli.fr,https://tranco-list.eu/top-1m.csv.zip,legitimate
https://games01.top,https://tranco-list.eu/top-1m.csv.zip,legitimate
https://rekubik.de,https://tranco-list.eu/top-1m.csv.zip,legitimate
https://smartmindrichwallet.com,https://tranco-list.eu/top-1m.csv.zip,legitimate
https://repositorystats.com,https://tranco-list.eu/top-1m.csv.zip,legitimate
https://rienner.com,https://tranco-list.eu/top-1m.csv.zip,legitimate
https://getcanopy.co,https://tranco-list.eu/top-1m.csv.zip,legitimate
https://your-domain.com,https://tranco-list.eu/top-1m.csv.zip,legitimate
https://rappahannock.edu,https://tranco-list.eu/top-1m.csv.zip,legitimate
https://cnmnoc.co.kr,https://tranco-list.eu/top-1m.csv.zip,legitimate
https://gmfok.com,https://tranco-list.eu/top-1m.csv.zip,legitimate
https://freecollocation.com,https://tranco-list.eu/top-1m.csv.zip,legitimate
https://noviscore.fr,https://tranco-list.eu/top-1m.csv.zip,legitimate
https://apexnews-latam.com,https://tranco-list.eu/top-1m.csv.zip,legitimate
https://betterbond.co.za,https://tranco-list.eu/top-1m.csv.zip,legitimate
https://ariatolidi.ir,https://tranco-list.eu/top-1m.csv.zip,legitimate
https://paladin-club.cn,https://tranco-list.eu/top-1m.csv.zip,legitimate
https://miltonsdiamonds.com,https://tranco-list.eu/top-1m.csv.zip,legitimate
https://gaycamvideos.net,https://tranco-list.eu/top-1m.csv.zip,legitimate
https://adunity.com,https://tranco-list.eu/top-1m.csv.zip,legitimate
https://relaxplayer.ru,https://tranco-list.eu/top-1m.csv.zip,legitimate
https://dosenmatrosen.de,https://tranco-list.eu/top-1m.csv.zip,legitimate
https://gglt.com.cn,https://tranco-list.eu/top-1m.csv.zip,legitimate
https://awsamhosting.com,https://tranco-list.eu/top-1m.csv.zip,legitimate
https://modg.org,https://tranco-list.eu/top-1m.csv.zip,legitimate
https://medplatforma.com.ua,https://tranco-list.eu/top-1m.csv.zip,legitimate
https://online-casino.ee,https://tranco-list.eu/top-1m.csv.zip,legitimate
https://leapinghare.org,https://tranco-list.eu/top-1m.csv.zip,legitimate
https://humhub.zone,https://tranco-list.eu/top-1m.csv.zip,legitimate
https://reliablehost.net,https://tranco-list.eu/top-1m.csv.zip,legitimate
https://cly.com.ua,https://tranco-list.eu/top-1m.csv.zip,legitimate
https://mixwebup.com,https://tranco-list.eu/top-1m.csv.zip,legitimate
https://projectnursery.com,https://tranco-list.eu/top-1m.csv.zip,legitimate
https://kupit-diplomis-v-penze-58.ru,https://tranco-list.eu/top-1m.csv.zip,legitimate
https://globalvillagespace.com,https://tranco-list.eu/top-1m.csv.zip,legitimate
https://mrolympia.com,https://tranco-list.eu/top-1m.csv.zip,legitimate
https://wing.com,https://tranco-list.eu/top-1m.csv.zip,legitimate
https://smartassest.net,https://tranco-list.eu/top-1m.csv.zip,legitimate
https://fh-muenster.de,https://tranco-list.eu/top-1m.csv.zip,legitimate
https://tumt.edu.tw,https://tranco-list.eu/top-1m.csv.zip,legitimate
https://limeapple.com,https://tranco-list.eu/top-1m.csv.zip,legitimate
https://capaone.com,https://tranco-list.eu/top-1m.csv.zip,legitimate
https://huaqiangtech.com,https://tranco-list.eu/top-1m.csv.zip,legitimate
https://logistpro.su,https://tranco-list.eu/top-1m.csv.zip,legitimate
https://gospelnoticias.com.br,https://tranco-list.eu/top-1m.csv.zip,legitimate
https://thehendonmob.com,https://tranco-list.eu/top-1m.csv.zip,legitimate
https://rtc.bt,https://tranco-list.eu/top-1m.csv.zip,legitimate
https://pwa2.site,https://tranco-list.eu/top-1m.csv.zip,legitimate
https://boersenverlag.de,https://tranco-list.eu/top-1m.csv.zip,legitimate
https://smartsites.com,https://tranco-list.eu/top-1m.csv.zip,legitimate
https://silganmfg.com,https://tranco-list.eu/top-1m.csv.zip,legitimate
https://q100.com.cn,https://tranco-list.eu/top-1m.csv.zip,legitimate
https://ixunshu.net,https://tranco-list.eu/top-1m.csv.zip,legitimate
https://skvely-kup.cz,https://tranco-list.eu/top-1m.csv.zip,legitimate
https://isexsex.com,https://tranco-list.eu/top-1m.csv.zip,legitimate
https://dreamsongs.com,https://tranco-list.eu/top-1m.csv.zip,legitimate
https://mobileservice4u.com,https://tranco-list.eu/top-1m.csv.zip,legitimate
https://qualityfuck.com,https://tranco-list.eu/top-1m.csv.zip,legitimate
https://infotec.psi.br,https://tranco-list.eu/top-1m.csv.zip,legitimate
https://soundouschool.com,https://tranco-list.eu/top-1m.csv.zip,legitimate
https://radioluisteren.fm,https://tranco-list.eu/top-1m.csv.zip,legitimate
https://retailtrust.eu,https://tranco-list.eu/top-1m.csv.zip,legitimate
https://playland.ru,https://tranco-list.eu/top-1m.csv.zip,legitimate
https://retailcapital.com,https://tranco-list.eu/top-1m.csv.zip,legitimate
https://amehome.cn,https://tranco-list.eu/top-1m.csv.zip,legitimate
https://imagetovideoai.io,https://tranco-list.eu/top-1m.csv.zip,legitimate
https://maisgasolina.com,https://tranco-list.eu/top-1m.csv.zip,legitimate
https://driveresearch.com,https://tranco-list.eu/top-1m.csv.zip,legitimate
https://topescort.bg,https://tranco-list.eu/top-1m.csv.zip,legitimate
https://genflix.co.id,https://tranco-list.eu/top-1m.csv.zip,legitimate
https://astroignite.space,https://tranco-list.eu/top-1m.csv.zip,legitimate
https://factinate.com,https://tranco-list.eu/top-1m.csv.zip,legitimate
https://cue.cloud,https://tranco-list.eu/top-1m.csv.zip,legitimate
https://szlachetneinwestycje.pl,https://tranco-list.eu/top-1m.csv.zip,legitimate
https://fcdev.com,https://tranco-list.eu/top-1m.csv.zip,legitimate
https://bayoomed-medical.one,https://tranco-list.eu/top-1m.csv.zip,legitimate
https://u97f.cn,https://tranco-list.eu/top-1m.csv.zip,legitimate
https://bestoftheworldnews.com,https://tranco-list.eu/top-1m.csv.zip,legitimate
https://strategya.com,https://tranco-list.eu/top-1m.csv.zip,legitimate
https://mister-auto.ch,https://tranco-list.eu/top-1m.csv.zip,legitimate
https://airlinesinformation.com,https://tranco-list.eu/top-1m.csv.zip,legitimate
https://vivod-iz-zapoya-irkutsk003.ru,https://tranco-list.eu/top-1m.csv.zip,legitimate
https://dodostatic.com,https://tranco-list.eu/top-1m.csv.zip,legitimate
https://yintongjiaxiao.cn,https://tranco-list.eu/top-1m.csv.zip,legitimate
https://secretariadesalud.com.ar,https://tranco-list.eu/top-1m.csv.zip,legitimate
https://dmxke.cn,https://tranco-list.eu/top-1m.csv.zip,legitimate
https://tenx365.net,https://tranco-list.eu/top-1m.csv.zip,legitimate
https://worldeditiongame.com,https://tranco-list.eu/top-1m.csv.zip,legitimate
https://sagame.at,https://tranco-list.eu/top-1m.csv.zip,legitimate
https://swissmadesoftware.org,https://tranco-list.eu/top-1m.csv.zip,legitimate
https://copart.ca,https://tranco-list.eu/top-1m.csv.zip,legitimate
https://bmc.com.tr,https://tranco-list.eu/top-1m.csv.zip,legitimate
https://ascendcap.in,https://tranco-list.eu/top-1m.csv.zip,legitimate
https://simplysnapcloud.com,https://tranco-list.eu/top-1m.csv.zip,legitimate
https://ads-bidfuse.com,https://tranco-list.eu/top-1m.csv.zip,legitimate
https://octogon-group.com,https://tranco-list.eu/top-1m.csv.zip,legitimate
https://slpnow.com,https://tranco-list.eu/top-1m.csv.zip,legitimate
https://firstworldloans.com,https://tranco-list.eu/top-1m.csv.zip,legitimate
https://aquarium-software.com,https://tranco-list.eu/top-1m.csv.zip,legitimate
https://myfeed.app,https://tranco-list.eu/top-1m.csv.zip,legitimate
https://excelloading.com,https://tranco-list.eu/top-1m.csv.zip,legitimate
https://cizol.net.br,https://tranco-list.eu/top-1m.csv.zip,legitimate
https://fsonic.net,https://tranco-list.eu/top-1m.csv.zip,legitimate
https://kyriba.com,https://tranco-list.eu/top-1m.csv.zip,legitimate
https://uaaanserver.com,https://tranco-list.eu/top-1m.csv.zip,legitimate
https://6wresearch.com,https://tranco-list.eu/top-1m.csv.zip,legitimate
https://sutochno.ru,https://tranco-list.eu/top-1m.csv.zip,legitimate
https://mediazet.com,https://tranco-list.eu/top-1m.csv.zip,legitimate
https://goemaw.com,https://tranco-list.eu/top-1m.csv.zip,legitimate
https://tagaddod.com,https://tranco-list.eu/top-1m.csv.zip,legitimate
https://ess9.cn,https://tranco-list.eu/top-1m.csv.zip,legitimate
https://mondotimes.com,https://tranco-list.eu/top-1m.csv.zip,legitimate
https://bytesforall.com,https://tranco-list.eu/top-1m.csv.zip,legitimate
https://5spm.com,https://tranco-list.eu/top-1m.csv.zip,legitimate
https://1win-rdz3.buzz,https://tranco-list.eu/top-1m.csv.zip,legitimate
https://sportsexcellence.com,https://tranco-list.eu/top-1m.csv.zip,legitimate
https://stylecharade.com,https://tranco-list.eu/top-1m.csv.zip,legitimate
https://grandmasluts.com,https://tranco-list.eu/top-1m.csv.zip,legitimate
https://moontrkr.com,https://tranco-list.eu/top-1m.csv.zip,legitimate
https://webcity.com.au,https://tranco-list.eu/top-1m.csv.zip,legitimate
https://nowteam.net,https://tranco-list.eu/top-1m.csv.zip,legitimate
https://kby8.cn,https://tranco-list.eu/top-1m.csv.zip,legitimate
https://journaldequebec.com,https://tranco-list.eu/top-1m.csv.zip,legitimate
https://bogvideo.com,https://tranco-list.eu/top-1m.csv.zip,legitimate
https://silverfort.com,https://tranco-list.eu/top-1m.csv.zip,legitimate
https://enlineschool.com,https://tranco-list.eu/top-1m.csv.zip,legitimate
https://digikey.tw,https://tranco-list.eu/top-1m.csv.zip,legitimate
https://microstatus.com,https://tranco-list.eu/top-1m.csv.zip,legitimate
https://artcase.ge,https://tranco-list.eu/top-1m.csv.zip,legitimate
https://webrotate360.com,https://tranco-list.eu/top-1m.csv.zip,legitimate
https://simplyagree.com,https://tranco-list.eu/top-1m.csv.zip,legitimate
https://pornstar-scenes.com,https://tranco-list.eu/top-1m.csv.zip,legitimate
https://mahadev.club,https://tranco-list.eu/top-1m.csv.zip,legitimate
https://bistudio.cz,https://tranco-list.eu/top-1m.csv.zip,legitimate
https://pchell.com,https://tranco-list.eu/top-1m.csv.zip,legitimate
https://isuit.it,https://tranco-list.eu/top-1m.csv.zip,legitimate
https://bmx-stores.com,https://tranco-list.eu/top-1m.csv.zip,legitimate
https://zoomin.com,https://tranco-list.eu/top-1m.csv.zip,legitimate
https://altx-soft.ru,https://tranco-list.eu/top-1m.csv.zip,legitimate
https://damii.cn,https://tranco-list.eu/top-1m.csv.zip,legitimate
https://sleep.me,https://tranco-list.eu/top-1m.csv.zip,legitimate
https://boyhoodmovies.org,https://tranco-list.eu/top-1m.csv.zip,legitimate
https://cdn999.net,https://tranco-list.eu/top-1m.csv.zip,legitimate
https://kbs.ru,https://tranco-list.eu/top-1m.csv.zip,legitimate
https://thubtenchodron.org,https://tranco-list.eu/top-1m.csv.zip,legitimate
https://dvormasterov.kz,https://tranco-list.eu/top-1m.csv.zip,legitimate
https://faseboox.com,https://tranco-list.eu/top-1m.csv.zip,legitimate
https://air-caledonie.nc,https://tranco-list.eu/top-1m.csv.zip,legitimate
https://karmagroup.com,https://tranco-list.eu/top-1m.csv.zip,legitimate
https://akti.ac.id,https://tranco-list.eu/top-1m.csv.zip,legitimate
https://xiaodongde.com,https://tranco-list.eu/top-1m.csv.zip,legitimate
https://udineseblog.it,https://tranco-list.eu/top-1m.csv.zip,legitimate
https://gtbc.com.tw,https://tranco-list.eu/top-1m.csv.zip,legitimate
https://linuxreseller.in,https://tranco-list.eu/top-1m.csv.zip,legitimate
https://945.com.tw,https://tranco-list.eu/top-1m.csv.zip,legitimate
https://renewableuk.com,https://tranco-list.eu/top-1m.csv.zip,legitimate
https://xplornet.com,https://tranco-list.eu/top-1m.csv.zip,legitimate
https://bjhhyd.com.cn,https://tranco-list.eu/top-1m.csv.zip,legitimate
https://bainba.com,https://tranco-list.eu/top-1m.csv.zip,legitimate
https://gunabizusa.com,https://tranco-list.eu/top-1m.csv.zip,legitimate
https://garne.com.ua,https://tranco-list.eu/top-1m.csv.zip,legitimate
https://sale-attestats-vo-vladikavkaze-15.ru,https://tranco-list.eu/top-1m.csv.zip,legitimate
https://lucky.jp,https://tranco-list.eu/top-1m.csv.zip,legitimate
https://szlmfsgs.cn,https://tranco-list.eu/top-1m.csv.zip,legitimate
https://uirq.cn,https://tranco-list.eu/top-1m.csv.zip,legitimate
https://pejnya.nl,https://tranco-list.eu/top-1m.csv.zip,legitimate
https://justdancenow.com,https://tranco-list.eu/top-1m.csv.zip,legitimate
https://hjc7703.com,https://tranco-list.eu/top-1m.csv.zip,legitimate
https://mugshotsandarrests.com,https://tranco-list.eu/top-1m.csv.zip,legitimate
https://ilucca.net,https://tranco-list.eu/top-1m.csv.zip,legitimate
https://cheetah.com,https://tranco-list.eu/top-1m.csv.zip,legitimate
https://giraffemaintained.com,https://tranco-list.eu/top-1m.csv.zip,legitimate
https://sirena.org.uk,https://tranco-list.eu/top-1m.csv.zip,legitimate
https://lmu.edu.cn,https://tranco-list.eu/top-1m.csv.zip,legitimate
https://cdnnailuj.com,https://tranco-list.eu/top-1m.csv.zip,legitimate
https://altt.eu,https://tranco-list.eu/top-1m.csv.zip,legitimate
https://janefonda.com,https://tranco-list.eu/top-1m.csv.zip,legitimate
https://cdnhwcljk104.com,https://tranco-list.eu/top-1m.csv.zip,legitimate
https://cleanexpert-uborka.ru,https://tranco-list.eu/top-1m.csv.zip,legitimate
https://feau.com,https://tranco-list.eu/top-1m.csv.zip,legitimate
https://logishotels.com,https://tranco-list.eu/top-1m.csv.zip,legitimate
https://tradetalk.us,https://tranco-list.eu/top-1m.csv.zip,legitimate
https://vdocuments.mx,https://tranco-list.eu/top-1m.csv.zip,legitimate
https://curvewow.com,https://tranco-list.eu/top-1m.csv.zip,legitimate
https://wsgjp.com,https://tranco-list.eu/top-1m.csv.zip,legitimate
https://fidesz.hu,https://tranco-list.eu/top-1m.csv.zip,legitimate
https://gzyouyi.cn,https://tranco-list.eu/top-1m.csv.zip,legitimate
https://zone-telechargement.diy,https://tranco-list.eu/top-1m.csv.zip,legitimate
https://sevenkeys.com.br,https://tranco-list.eu/top-1m.csv.zip,legitimate
https://patchoee.com,https://tranco-list.eu/top-1m.csv.zip,legitimate
https://communigate.ru,https://tranco-list.eu/top-1m.csv.zip,legitimate
https://codingforums.com,https://tranco-list.eu/top-1m.csv.zip,legitimate
https://gloo.com,https://tranco-list.eu/top-1m.csv.zip,legitimate
https://thetc.com.cn,https://tranco-list.eu/top-1m.csv.zip,legitimate
https://empolis.com,https://tranco-list.eu/top-1m.csv.zip,legitimate
https://pornotorrent.com.br,https://tranco-list.eu/top-1m.csv.zip,legitimate
https://infovizion.ru,https://tranco-list.eu/top-1m.csv.zip,legitimate
https://kood.ee,https://tranco-list.eu/top-1m.csv.zip,legitimate
https://iitiimshaadi.com,https://tranco-list.eu/top-1m.csv.zip,legitimate
https://everonsolutions.com,https://tranco-list.eu/top-1m.csv.zip,legitimate
https://tcdn.io,https://tranco-list.eu/top-1m.csv.zip,legitimate
https://grupodanigarcia.com,https://tranco-list.eu/top-1m.csv.zip,legitimate
https://morningstarnews.org,https://tranco-list.eu/top-1m.csv.zip,legitimate
https://tourmatrix.in,https://tranco-list.eu/top-1m.csv.zip,legitimate
https://opap.bet,https://tranco-list.eu/top-1m.csv.zip,legitimate
https://abanca.com,https://tranco-list.eu/top-1m.csv.zip,legitimate
https://tigerviewcloud.com,https://tranco-list.eu/top-1m.csv.zip,legitimate
https://charlie-paris.com,https://tranco-list.eu/top-1m.csv.zip,legitimate
https://fontgeek.io,https://tranco-list.eu/top-1m.csv.zip,legitimate
https://buvj.cn,https://tranco-list.eu/top-1m.csv.zip,legitimate
https://bradescoseguroscontigo.com.br,https://tranco-list.eu/top-1m.csv.zip,legitimate
https://design-editor.com,https://tranco-list.eu/top-1m.csv.zip,legitimate
https://musicfestivaleurope.com,https://tranco-list.eu/top-1m.csv.zip,legitimate
https://kino-go.cc,https://tranco-list.eu/top-1m.csv.zip,legitimate
https://dttinc.com,https://tranco-list.eu/top-1m.csv.zip,legitimate
https://led-universum.de,https://tranco-list.eu/top-1m.csv.zip,legitimate
https://sex-cam.live,https://tranco-list.eu/top-1m.csv.zip,legitimate
https://cornerstoneondemand.ph,https://tranco-list.eu/top-1m.csv.zip,legitimate
https://go.ro,https://tranco-list.eu/top-1m.csv.zip,legitimate
https://tflof.cn,https://tranco-list.eu/top-1m.csv.zip,legitimate
https://acordocerto.de,https://tranco-list.eu/top-1m.csv.zip,legitimate
https://getclearwave.net,https://tranco-list.eu/top-1m.csv.zip,legitimate
https://fxadverts.com,https://tranco-list.eu/top-1m.csv.zip,legitimate
https://nxnoc.com,https://tranco-list.eu/top-1m.csv.zip,legitimate
https://glam.com,https://tranco-list.eu/top-1m.csv.zip,legitimate
https://westegg.com,https://tranco-list.eu/top-1m.csv.zip,legitimate
https://abilityease.com.au,https://tranco-list.eu/top-1m.csv.zip,legitimate
https://streetvibes.com.ng,https://tranco-list.eu/top-1m.csv.zip,legitimate
https://national.ro,https://tranco-list.eu/top-1m.csv.zip,legitimate
https://neptunonetworks.net,https://tranco-list.eu/top-1m.csv.zip,legitimate
https://mostbet-bangladesh-entry.com,https://tranco-list.eu/top-1m.csv.zip,legitimate
https://1xbetkk.com,https://tranco-list.eu/top-1m.csv.zip,legitimate
https://hostwindsdns.com,https://tranco-list.eu/top-1m.csv.zip,legitimate
https://walter-learning.com,https://tranco-list.eu/top-1m.csv.zip,legitimate
https://tickets.am,https://tranco-list.eu/top-1m.csv.zip,legitimate
https://hoffmeisterdv.de,https://tranco-list.eu/top-1m.csv.zip,legitimate
https://social-lyft.com,https://tranco-list.eu/top-1m.csv.zip,legitimate
https://hanwha.in,https://tranco-list.eu/top-1m.csv.zip,legitimate
https://leadiq.com,https://tranco-list.eu/top-1m.csv.zip,legitimate
https://fortureslot.com,https://tranco-list.eu/top-1m.csv.zip,legitimate
https://longzijin.cn,https://tranco-list.eu/top-1m.csv.zip,legitimate
https://herb6.cn,https://tranco-list.eu/top-1m.csv.zip,legitimate
https://stargroup.com.ua,https://tranco-list.eu/top-1m.csv.zip,legitimate
https://pfu.gov.ua,https://tranco-list.eu/top-1m.csv.zip,legitimate
https://volunteermatters.org,https://tranco-list.eu/top-1m.csv.zip,legitimate
https://espacoeducar.net,https://tranco-list.eu/top-1m.csv.zip,legitimate
https://fdt.net,https://tranco-list.eu/top-1m.csv.zip,legitimate
https://keenfootwear.co.uk,https://tranco-list.eu/top-1m.csv.zip,legitimate
https://vulkanrussia-slots.pro,https://tranco-list.eu/top-1m.csv.zip,legitimate
https://zimjs.org,https://tranco-list.eu/top-1m.csv.zip,legitimate
https://pokerdom-ehb.top,https://tranco-list.eu/top-1m.csv.zip,legitimate
https://indonet.co.id,https://tranco-list.eu/top-1m.csv.zip,legitimate
https://kk999bet.com,https://tranco-list.eu/top-1m.csv.zip,legitimate
https://buchinger-wilhelmi.com,https://tranco-list.eu/top-1m.csv.zip,legitimate
https://shhzyl.cn,https://tranco-list.eu/top-1m.csv.zip,legitimate
https://bwt.com,https://tranco-list.eu/top-1m.csv.zip,legitimate
https://pieare.com,https://tranco-list.eu/top-1m.csv.zip,legitimate
https://doubledutch.me,https://tranco-list.eu/top-1m.csv.zip,legitimate
https://uilbergamo.it,https://tranco-list.eu/top-1m.csv.zip,legitimate
https://bclubs.com,https://tranco-list.eu/top-1m.csv.zip,legitimate
https://gintarobaldai.lt,https://tranco-list.eu/top-1m.csv.zip,legitimate
https://d8363.cn,https://tranco-list.eu/top-1m.csv.zip,legitimate
https://vit-net.ru,https://tranco-list.eu/top-1m.csv.zip,legitimate
https://bien24h.com,https://tranco-list.eu/top-1m.csv.zip,legitimate
https://genemuidenactueel.nl,https://tranco-list.eu/top-1m.csv.zip,legitimate
https://v3n9vidgm59.net,https://tranco-list.eu/top-1m.csv.zip,legitimate
https://fastfan.in,https://tranco-list.eu/top-1m.csv.zip,legitimate
https://cf-moto.es,https://tranco-list.eu/top-1m.csv.zip,legitimate
https://parrisrv.com,https://tranco-list.eu/top-1m.csv.zip,legitimate
https://mejoresrutas.com,https://tranco-list.eu/top-1m.csv.zip,legitimate
https://uoiaug.cn,https://tranco-list.eu/top-1m.csv.zip,legitimate
https://meetnewbooks.com,https://tranco-list.eu/top-1m.csv.zip,legitimate
https://velocify.com,https://tranco-list.eu/top-1m.csv.zip,legitimate
https://comstar-r.ru,https://tranco-list.eu/top-1m.csv.zip,legitimate
https://xunlei52.cn,https://tranco-list.eu/top-1m.csv.zip,legitimate
https://shopzio.com,https://tranco-list.eu/top-1m.csv.zip,legitimate
https://allora.network,https://tranco-list.eu/top-1m.csv.zip,legitimate
https://lemonade.finance,https://tranco-list.eu/top-1m.csv.zip,legitimate
https://vssllc.net,https://tranco-list.eu/top-1m.csv.zip,legitimate
https://daikinapplied.com,https://tranco-list.eu/top-1m.csv.zip,legitimate
https://mon-sejour-en-montagne.com,https://tranco-list.eu/top-1m.csv.zip,legitimate
https://olukai.com.cn,https://tranco-list.eu/top-1m.csv.zip,legitimate
https://allnovel.biz,https://tranco-list.eu/top-1m.csv.zip,legitimate
https://bydautocr.com,https://tranco-list.eu/top-1m.csv.zip,legitimate
https://sura.ru,https://tranco-list.eu/top-1m.csv.zip,legitimate
https://ige.ie,https://tranco-list.eu/top-1m.csv.zip,legitimate
https://sovajewels.com,https://tranco-list.eu/top-1m.csv.zip,legitimate
https://aman69fantasi.com,https://tranco-list.eu/top-1m.csv.zip,legitimate
https://cammpaign.com,https://tranco-list.eu/top-1m.csv.zip,legitimate
https://gpb.ru,https://tranco-list.eu/top-1m.csv.zip,legitimate
https://sloegem.com,https://tranco-list.eu/top-1m.csv.zip,legitimate
https://server-zone.net,https://tranco-list.eu/top-1m.csv.zip,legitimate
https://ithub.xyz,https://tranco-list.eu/top-1m.csv.zip,legitimate
https://webmshare.com,https://tranco-list.eu/top-1m.csv.zip,legitimate
https://roiback.net,https://tranco-list.eu/top-1m.csv.zip,legitimate
https://careofcarl.fr,https://tranco-list.eu/top-1m.csv.zip,legitimate
https://foncloud.net,https://tranco-list.eu/top-1m.csv.zip,legitimate
https://gudanggaram.id,https://tranco-list.eu/top-1m.csv.zip,legitimate
https://ibanet.org,https://tranco-list.eu/top-1m.csv.zip,legitimate
https://speedyinfo.net.br,https://tranco-list.eu/top-1m.csv.zip,legitimate
https://natalieinthecity.com,https://tranco-list.eu/top-1m.csv.zip,legitimate
https://bestbonus.co.nz,https://tranco-list.eu/top-1m.csv.zip,legitimate
https://baloogames.com,https://tranco-list.eu/top-1m.csv.zip,legitimate
https://quayaustralia.com.au,https://tranco-list.eu/top-1m.csv.zip,legitimate
https://gameforgey.com,https://tranco-list.eu/top-1m.csv.zip,legitimate
https://medcraveonline.com,https://tranco-list.eu/top-1m.csv.zip,legitimate
https://beritawarta.id,https://tranco-list.eu/top-1m.csv.zip,legitimate
https://mapadocredito.com,https://tranco-list.eu/top-1m.csv.zip,legitimate
https://wonou.cn,https://tranco-list.eu/top-1m.csv.zip,legitimate
https://mobinozer.com,https://tranco-list.eu/top-1m.csv.zip,legitimate
https://heishanglass.cn,https://tranco-list.eu/top-1m.csv.zip,legitimate
https://lux-net.ru,https://tranco-list.eu/top-1m.csv.zip,legitimate
https://tveyes.com,https://tranco-list.eu/top-1m.csv.zip,legitimate
https://tapmc.com.tw,https://tranco-list.eu/top-1m.csv.zip,legitimate
https://ila1414.com,https://tranco-list.eu/top-1m.csv.zip,legitimate
https://olxsisi.com,https://tranco-list.eu/top-1m.csv.zip,legitimate
https://green-dog.com,https://tranco-list.eu/top-1m.csv.zip,legitimate
https://ukbsp.com.cn,https://tranco-list.eu/top-1m.csv.zip,legitimate
https://mostbet6.bet,https://tranco-list.eu/top-1m.csv.zip,legitimate
https://diezmaxter.com,https://tranco-list.eu/top-1m.csv.zip,legitimate
https://nederwoon.nl,https://tranco-list.eu/top-1m.csv.zip,legitimate
https://scopamici.com,https://tranco-list.eu/top-1m.csv.zip,legitimate
https://mpt.com.mm,https://tranco-list.eu/top-1m.csv.zip,legitimate
https://sencrop.com,https://tranco-list.eu/top-1m.csv.zip,legitimate
