url,source_feed,label
https://bit.ly/3XYqJ4H,https://data.phishtank.com/data/online-valid.csv,phishing
https://flow.page/voxdrives,https://data.phishtank.com/data/online-valid.csv,phishing
https://ikigia.w3spaces.com/index.html,https://data.phishtank.com/data/online-valid.csv,phishing
https://t.co/lNf1gv1KdJ,https://data.phishtank.com/data/online-valid.csv,phishing
https://confirm-secure-page-100102.start.page/,https://data.phishtank.com/data/online-valid.csv,phishing
https://helpmicrosoftmx.webcindario.com/,https://data.phishtank.com/data/online-valid.csv,phishing
http://allegrolokalnie.oferta1477800.shop,https://data.phishtank.com/data/online-valid.csv,phishing
https://crtscpewxi.web.app/,https://data.phishtank.com/data/online-valid.csv,phishing
https://twint-kundenservice.web.app/1/0100018a12395df9-0788dcf2-ae30-424e-a2a9-de59255f48ab-000000/qw0f9UhltylcR7z3kREvH-cSy-w=335,https://data.phishtank.com/data/online-valid.csv,phishing
http://allegrolokalnie.oferta42539009.shop,https://data.phishtank.com/data/online-valid.csv,phishing
https://sites.google.com/view/suchanf-ragen/home,https://data.phishtank.com/data/online-valid.csv,phishing
https://docs.google.com/presentation/d/e/2PACX-1vQNCpkDTF7frCpdCsnzgXFj5_1Ac-U9UynHxBD4XnNTi0k-oMsuAFu9S3du79jLzPe0zo_7ksg_Puz9/pub?start=false&amp;loop=false&amp;delayms=3000,https://data.phishtank.com/data/online-valid.csv,phishing
https://pub-d8f7a1e4063e40e188a4080d747e45aa.r2.dev/index.html,https://data.phishtank.com/data/online-valid.csv,phishing
https://loop.hiojoo.sa.com/hlgylwz0g8satq?e1ff20122a-d0fd51ed6696872bdae9d05d1a8d75-a21352e0617fa361dd07c8c47-7dcf7964643fb5781495355db-9ac75327df2d569e36c0c6d7b-4a31ecba91afd493246cafa96/,https://data.phishtank.com/data/online-valid.csv,phishing
https://saintcreol.weebly.com/,https://data.phishtank.com/data/online-valid.csv,phishing
https://huxqkait.firebaseapp.com/,https://data.phishtank.com/data/online-valid.csv,phishing
https://q-r.to/bfP3aN,https://data.phishtank.com/data/online-valid.csv,phishing
https://us20.campaign-archive.com/?u=cde78824d6f36f9ca26b51254&id=ebeadd0e5c,https://data.phishtank.com/data/online-valid.csv,phishing
https://conuant.firebaseapp.com/,https://data.phishtank.com/data/online-valid.csv,phishing
https://bit.ly/3NTWLbO,https://data.phishtank.com/data/online-valid.csv,phishing
https://docs.google.com/presentation/d/e/2PACX-1vRP4DMSuVdvuSQpCJulwIqRdqNzpTC1adGguVYOq7mcSyAq0E1K49lL60Jxsm7mo7BBIiivPFeAjMYF/pub?start=false&amp;loop=false&amp;delayms=3000,https://data.phishtank.com/data/online-valid.csv,phishing
https://qrco.de/bfGp3p,https://data.phishtank.com/data/online-valid.csv,phishing
https://espaceclient4.godaddysites.com/,https://data.phishtank.com/data/online-valid.csv,phishing
https://docs.google.com/presentation/d/e/2PACX-1vQFo8HqZB9hHh5AF5MHEMzC_auKbrsWgBFg_2sKAMM7ncfzvhUHz5QZDm81G3N-uWySz5UCuMon1zDL/pub?start=false&loop=false&delayms=3000&slide=id.p,https://data.phishtank.com/data/online-valid.csv,phishing
https://dascuola.firebaseapp.com/,https://data.phishtank.com/data/online-valid.csv,phishing
https://share.hsforms.com/1FGbVOis_QSikUrepcdFXUgtftbd,https://data.phishtank.com/data/online-valid.csv,phishing
https://profoundwhiz.com/nhghg/bvvgg/sswbv,https://data.phishtank.com/data/online-valid.csv,phishing
https://coursier-fr-suivi.com/,https://data.phishtank.com/data/online-valid.csv,phishing
https://kinfer.wixsite.com/my-site,https://data.phishtank.com/data/online-valid.csv,phishing
https://www.rochestercontemporary.org/aruba/panel/index.php?Drhst=1#HSFDDSDFGSDFHSDFFGDFSFGERGHSDGFSDGSD,https://data.phishtank.com/data/online-valid.csv,phishing
http://cancelartupago.appbancolombia.co.hstn.me/?i=2,https://data.phishtank.com/data/online-valid.csv,phishing
https://sites.google.com/view/adrinalokafor,https://data.phishtank.com/data/online-valid.csv,phishing
https://q-r.to/bfSu2b,https://data.phishtank.com/data/online-valid.csv,phishing
https://us11.campaign-archive.com/?u=7a45f1018d5776804f2b83130&id=5a875c0bd1,https://data.phishtank.com/data/online-valid.csv,phishing
https://kiiuytfer.web.app/,https://data.phishtank.com/data/online-valid.csv,phishing
https://steamcommunllity.com/free,https://data.phishtank.com/data/online-valid.csv,phishing
https://trezzrsuite-review.vercel.app/,https://data.phishtank.com/data/online-valid.csv,phishing
https://studentfinance-help.web.app/,https://data.phishtank.com/data/online-valid.csv,phishing
https://aecontabeis.com.br/Plala.or11/Sites//index.html,https://data.phishtank.com/data/online-valid.csv,phishing
https://talktalkwebmail1.wixsite.com/my-site,https://data.phishtank.com/data/online-valid.csv,phishing
https://q-r.to/bfX3oX,https://data.phishtank.com/data/online-valid.csv,phishing
https://becxdhgd.weebly.com/,https://data.phishtank.com/data/online-valid.csv,phishing
https://docs.google.com/presentation/d/e/2PACX-1vSRZXda4eiTbuJAsJapmRVnaBzGYmbfVtq-tfiQKuCpTT5NACc5IHQycR33yQAtTx4A1dfoeGir1Gs8/pub?start=false&amp;loop=false&amp;delayms=3000,https://data.phishtank.com/data/online-valid.csv,phishing
https://mondial-achemlnement.com/,https://data.phishtank.com/data/online-valid.csv,phishing
https://bit.ly/4fgk8J1,https://data.phishtank.com/data/online-valid.csv,phishing
https://docs.google.com/presentation/d/e/2PACX-1vRH9Ou1MIUhcOuUYY6LHHj9YMmTB_rAuqxFAKkyFcAKibvhBRMsxHhIL3dQbXPOXxp_dkgAnNQrEAyL/pub?start=false&amp;loop=false&amp;delayms=3000,https://data.phishtank.com/data/online-valid.csv,phishing
https://gospolum.firebaseapp.com/,https://data.phishtank.com/data/online-valid.csv,phishing
https://l.ead.me/bfJWTu,https://data.phishtank.com/data/online-valid.csv,phishing
https://resume.io/r/zf28POahP,https://data.phishtank.com/data/online-valid.csv,phishing
https://docs.google.com/presentation/d/e/2PACX-1vRVimcAWcOdj7Js-BIPPim_pCwWwY56a_iQewPYZ2JG_CMoijUywmmwCEOkrqvbO0HLYzV-vJADt1qh/pub?start=false&amp;loop=false&amp;delayms=3000,https://data.phishtank.com/data/online-valid.csv,phishing
http://en-trezorbridgeapp.vercel.app,https://data.phishtank.com/data/online-valid.csv,phishing
https://vr2visit.com/ldme,https://data.phishtank.com/data/online-valid.csv,phishing
https://pub-cfd272b2362048b785ba717a975ec40f.r2.dev/index.html,https://data.phishtank.com/data/online-valid.csv,phishing
https://frpostale.firebaseapp.com/,https://data.phishtank.com/data/online-valid.csv,phishing
https://docs.google.com/drawings/d/11Ei3uylOMYpQFV3qk2tsvvq-7WdzabVokEQlpRMznPM/edit,https://data.phishtank.com/data/online-valid.csv,phishing
https://qrco.de/bfJNHl,https://data.phishtank.com/data/online-valid.csv,phishing
https://www.dropbox.com/scl/fi/5s1az4lo89c319l7v7l96/Securely-sign-in-with-your-email-address-to-keep-you-updated..papert?rlkey=4pori35pjk9yke2dwtb9pxynv&dl=0,https://data.phishtank.com/data/online-valid.csv,phishing
https://flowcode.com/page/attttd,https://data.phishtank.com/data/online-valid.csv,phishing
https://forms.gle/i1eBEg6CEaYRQAg67,https://data.phishtank.com/data/online-valid.csv,phishing
https://sites.google.com/view/update-currently1017/update,https://data.phishtank.com/data/online-valid.csv,phishing
https://trezorenabled.com/,https://data.phishtank.com/data/online-valid.csv,phishing
https://qrco.de/bfWrEk,https://data.phishtank.com/data/online-valid.csv,phishing
https://webmailno-logorg.weebly.com/,https://data.phishtank.com/data/online-valid.csv,phishing
https://ipfs.best-practice.se/ipfs/bafybeietdwmnpnial6v6t4fxcbkfcqtjqipbrow4zicitoo453fclsam6i,https://data.phishtank.com/data/online-valid.csv,phishing
https://webconnexion-id.ukit.me/,https://data.phishtank.com/data/online-valid.csv,phishing
https://hergzomei.firebaseapp.com/,https://data.phishtank.com/data/online-valid.csv,phishing
https://dfhdtghd.wpenginepowered.com/NO/ESPARK/,https://data.phishtank.com/data/online-valid.csv,phishing
https://sites.google.com/view/today-view-12-7-23/view,https://data.phishtank.com/data/online-valid.csv,phishing
http://flowcode.com/p/r40kstcfy?fc=0,https://data.phishtank.com/data/online-valid.csv,phishing
https://lageliveaap.gitbook.io/us/,https://data.phishtank.com/data/online-valid.csv,phishing
https://mjbopolstle.firebaseapp.com/,https://data.phishtank.com/data/online-valid.csv,phishing
https://etc-bsahip.com/login,https://data.phishtank.com/data/online-valid.csv,phishing
https://nghmghnfgnfg.boxmode.io/,https://data.phishtank.com/data/online-valid.csv,phishing
https://new.express.adobe.com/webpage/bZfRWu5H3aKIr,https://data.phishtank.com/data/online-valid.csv,phishing
https://qpumuaeh.web.app/,https://data.phishtank.com/data/online-valid.csv,phishing
https://share-eu1.hsforms.com/10FCf6LRWQ3GUk3kuKYx__g2evog2,https://data.phishtank.com/data/online-valid.csv,phishing
https://shinigamilayte1234.clickfunnels.com/squeeze-pagefzszdxlk,https://data.phishtank.com/data/online-valid.csv,phishing
https://bit.ly/46loCdp,https://data.phishtank.com/data/online-valid.csv,phishing
https://docs.google.com/presentation/d/e/2PACX-1vTGeU7Vvxzy3IJApK2kckXV7vEaRq4kOsupw94UfeP5B_GoAUUOqKNY9D9hZWu--IJeQ-0-bnZkvCJ1/pub?start=false&loop=false&delayms=3000,https://data.phishtank.com/data/online-valid.csv,phishing
https://docs.google.com/drawings/d/1BBFs3cTkZEU50-bN7v58Z1R_szvT75x8UijiasYvXAs/edit,https://data.phishtank.com/data/online-valid.csv,phishing
https://tinyurl.com/3wm4pkcf,https://data.phishtank.com/data/online-valid.csv,phishing
http://topambernames.com/,https://data.phishtank.com/data/online-valid.csv,phishing
https://harper-construcution.myportfolio.com/,https://data.phishtank.com/data/online-valid.csv,phishing
https://www.dropbox.com/scl/fi/ow75fb8iti43rcyj237ay/BT-Broadband.paper?rlkey=u34sc2momo55164g4hpvh1pcq&dl=0,https://data.phishtank.com/data/online-valid.csv,phishing
https://h7.kiidmop8.sa.com/js/webmail.aruba.it/user/login/confirm_your_account/aruba/ajax_mail/client.mailbox/cms/,https://data.phishtank.com/data/online-valid.csv,phishing
https://myaccountnetworksolutionsmylogin.weebly.com/,https://data.phishtank.com/data/online-valid.csv,phishing
https://eipc.ca-bretagne.oktave.co/login,https://data.phishtank.com/data/online-valid.csv,phishing
https://us4.campaign-archive.com/?u=a41a0376fa1d3f1f68055a2c4&id=a360992c3f,https://data.phishtank.com/data/online-valid.csv,phishing
https://urlz.fr/uSIK,https://data.phishtank.com/data/online-valid.csv,phishing
https://en.wwguarda.com/en/app/launcher/?restore&?redirectUri=%2Fapp%2F,https://data.phishtank.com/data/online-valid.csv,phishing
https://docs.google.com/presentation/d/e/2PACX-1vSUUUpwK-m2X_D0VQO-vGMQOyYKt8eGHz8VjOuI2lQmLyO8e8ep_uXmfpVjJpAazGeILwFqmRLtad6l/pub?start=false&amp;loop=false&amp;delayms=3000,https://data.phishtank.com/data/online-valid.csv,phishing
https://l.wl.co/l?u=https://bit.ly/3mLmUfL?trackingid=aSgftI6F&signature=newsletter,https://data.phishtank.com/data/online-valid.csv,phishing
https://linkin.bio/servi-kvish6,https://data.phishtank.com/data/online-valid.csv,phishing
https://docs.google.com/presentation/d/1IKQrBbVRpXf28fYme6iVydUbSi6WkmXRPqGZongxYnE/pub?start=false&amp;loop=false&amp;delayms=1000&amp;slide=id.p,https://data.phishtank.com/data/online-valid.csv,phishing
https://docs.google.com/drawings/d/1Dzj6-DWVOF86LIf2RiI4dA1_b3e97Y6ZDuRzIxhjzLE/preview?f38926e4-5117-4e11-b12a-88a59c1ff51f,https://data.phishtank.com/data/online-valid.csv,phishing
https://jakwj22s2.blogspot.com/,https://data.phishtank.com/data/online-valid.csv,phishing
https://knob-synch.weebly.com/,https://data.phishtank.com/data/online-valid.csv,phishing
https://banca0amiga0web0.webcindario.com/,https://data.phishtank.com/data/online-valid.csv,phishing
https://bit.ly/40CZbTC,https://data.phishtank.com/data/online-valid.csv,phishing
https://pub-9a2fba40e7084a1eb9d96885ba6cecf2.r2.dev/index.html,https://data.phishtank.com/data/online-valid.csv,phishing
https://vh12353.vh.net.pl/dk/dk/betaling/punktum-dot_DK/Log.php,https://data.phishtank.com/data/online-valid.csv,phishing
https://eu.jotform.com/app/251923137252352,https://data.phishtank.com/data/online-valid.csv,phishing
https://l.ead.me/bfJXFV,https://data.phishtank.com/data/online-valid.csv,phishing
https://forms.gle/LH7Trji1ZBXRKc8p8,https://data.phishtank.com/data/online-valid.csv,phishing
http://skynetbe1452.usluga.me,https://data.phishtank.com/data/online-valid.csv,phishing
http://emeziejoel.github.io/ijustwans.github.io/IONOSDE.html,https://data.phishtank.com/data/online-valid.csv,phishing
https://surveymars.com/q/3fnueh5k0,https://data.phishtank.com/data/online-valid.csv,phishing
https://sites.google.com/view/securit-oranggehtmlfc/accueil,https://data.phishtank.com/data/online-valid.csv,phishing
https://webmailservice7.glide.page/dl/a400f7,https://data.phishtank.com/data/online-valid.csv,phishing
https://hometrezurr-strat.gitbook.io/us/,https://data.phishtank.com/data/online-valid.csv,phishing
https://me-qr.com/q35yznsz,https://data.phishtank.com/data/online-valid.csv,phishing
https://bit.ly/3ztSt77,https://data.phishtank.com/data/online-valid.csv,phishing
https://app.mockplus.com/e/i9hQQ2GPN1,https://data.phishtank.com/data/online-valid.csv,phishing
http://fb7927.bget.ru/to.php?id=1,https://data.phishtank.com/data/online-valid.csv,phishing
https://www.gndisa.com.br,https://data.phishtank.com/data/online-valid.csv,phishing
https://pub-712197f74e04463c9905c15b5b391a21.r2.dev/tQGNvbnRpbmV5596132FnwQAQF8bIbie7MIWA2pfe0B%252FbWFyaWFtQGNvbnRpbmVudHRvdXJzL34bc434841be302db40040cc60C5xDaM6VOVr6n4RfiKPaJK733aOH23-EkuHdPJxvVDf3t660LAAvqub1qcUheieNOgERVX7o-CGTiWsssFug6Y9Z9_c4NDFb1Gd5Sq82iBIX889t-HR0mlcb7fuwSkeeMXbL6t5YzPFsZEvVUVw8u.html,https://data.phishtank.com/data/online-valid.csv,phishing
https://danrusman-cadastro-pessoal.netlify.app/,https://data.phishtank.com/data/online-valid.csv,phishing
http://dzy.3e4.mytemp.website/il,https://data.phishtank.com/data/online-valid.csv,phishing
https://dayspringadmissions.firebaseapp.com/,https://data.phishtank.com/data/online-valid.csv,phishing
https://qrco.de/bfELTs,https://data.phishtank.com/data/online-valid.csv,phishing
https://bradesco.juntos-livelo.com,https://data.phishtank.com/data/online-valid.csv,phishing
https://new.express.adobe.com/webpage/Pk8ZcUvq9zJKG,https://data.phishtank.com/data/online-valid.csv,phishing
https://prio-mrelay.com/as.php,https://data.phishtank.com/data/online-valid.csv,phishing
https://wellsfargobanklogin4.godaddysites.com/,https://data.phishtank.com/data/online-valid.csv,phishing
https://qrco.de/bfOFxP,https://data.phishtank.com/data/online-valid.csv,phishing
https://dalga-water.firebaseapp.com/,https://data.phishtank.com/data/online-valid.csv,phishing
https://docs.google.com/presentation/d/e/2PACX-1vTbx_FGxwkhsEpLMVNeGCjEzGTemJNpdeXGzGVqx5CZwwDOk0wQUHr8USrOF9WA04yYHy_1E9EOb2pB/pub?start=false&loop=false&delayms=3000&slide=id.p,https://data.phishtank.com/data/online-valid.csv,phishing
https://pub-d4159ce9d2294f86a637e0da38867998.r2.dev/refdocx.html,https://data.phishtank.com/data/online-valid.csv,phishing
https://jpvpasomkcessrieradyjp.cfd/v2/check,https://data.phishtank.com/data/online-valid.csv,phishing
https://allegrolokalnie.89710-2844.shop/oferta/5574992a-862a-4e79-8ef6-679924d138e5,https://data.phishtank.com/data/online-valid.csv,phishing
https://urlz.fr/tv8L,https://data.phishtank.com/data/online-valid.csv,phishing
https://bit.ly/40qeHSk,https://data.phishtank.com/data/online-valid.csv,phishing
https://sites.google.com/view/androtite,https://data.phishtank.com/data/online-valid.csv,phishing
https://bit.ly/4esp1ho,https://data.phishtank.com/data/online-valid.csv,phishing
https://proceedencryptions.blogspot.com/?m=1,https://data.phishtank.com/data/online-valid.csv,phishing
https://docs.google.com/presentation/d/e/2PACX-1vQUZw4Wz6C1h2pICqsh96J-qgxvhbu40cP5l4NMegjRp2BziYQgvIl2CFhThRCYPBgnGJRi7UHkWIWC/pub?start=false&amp;loop=false&amp;delayms=3000,https://data.phishtank.com/data/online-valid.csv,phishing
https://metafb-slwx5f9.firebaseapp.com/,https://data.phishtank.com/data/online-valid.csv,phishing
https://delta-control.es/demz01.html?40448,https://data.phishtank.com/data/online-valid.csv,phishing
https://btemail.plutio.com/p/form/eDYqenRRD8GhmPxN5,https://data.phishtank.com/data/online-valid.csv,phishing
https://mail-account-data.github.io/baec-invitation-tender/beac/error.html,https://data.phishtank.com/data/online-valid.csv,phishing
https://pub-2fd40031391d4470a8c3c1090493deca.r2.dev/index.html,https://data.phishtank.com/data/online-valid.csv,phishing
https://succesjuissif.firebaseapp.com/,https://data.phishtank.com/data/online-valid.csv,phishing
https://www.dropbox.com/scl/fi/wjux6oiyuxicf2uj7i96x/BT-Broadband.paper?rlkey=veguqt34wqm3h2lqcswfrrtjo&dl=0,https://data.phishtank.com/data/online-valid.csv,phishing
https://docs.google.com/drawings/d/195zaWe80EL2FUAVCjUtrb-mTGT06z1SrSunZ6knW8Ak/preview,https://data.phishtank.com/data/online-valid.csv,phishing
https://btinternetsyx.glide.page/dl/a400f7,https://data.phishtank.com/data/online-valid.csv,phishing
https://docs.google.com/presentation/d/e/2PACX-1vQMFXxiRyunrk-j3ZnsmKS6BaZ70rmqMXEYbnG-EgxVQYIwlzRmqXjPPiwJFNnqU9SL5-likAdwwiEb/pub?start=false&amp;loop=false&amp;delayms=3000,https://data.phishtank.com/data/online-valid.csv,phishing
https://werasdvumtredascin.weebly.com/,https://data.phishtank.com/data/online-valid.csv,phishing
https://l.wl.co/l?u=https://qrco.de/i2u3hbelkdgdmafgd,https://data.phishtank.com/data/online-valid.csv,phishing
https://docs.google.com/presentation/d/1Zfomopgft4NPQ-kOQBKC6QrzNponHD0foGz8F3xzAM0/pub?start=false&amp;loop=false&amp;delayms=3000,https://data.phishtank.com/data/online-valid.csv,phishing
https://sites.google.com/empacesso.com/acesso-empjnet/,https://data.phishtank.com/data/online-valid.csv,phishing
https://security-businessaccount-91123036.start.page/,https://data.phishtank.com/data/online-valid.csv,phishing
https://qrco.de/bfJAMg,https://data.phishtank.com/data/online-valid.csv,phishing
https://btsetservernet.weebly.com/,https://data.phishtank.com/data/online-valid.csv,phishing
https://us10.campaign-archive.com/?u=c2c99b2298fcc27b19a0a2ae5&id=8f0ea4ee2a,https://data.phishtank.com/data/online-valid.csv,phishing
https://docs.google.com/presentation/d/e/2PACX-1vSZTeemGDXyu9JTSJa6wJ9BNjFP4fk0q60Hef2jFZs2fzjR1DU9i_NiIqXNeDjCTWVtrzhxe3Jrl2Zt/pub?start=false&amp;loop=false&amp;delayms=3000&amp;slide=id.p,https://data.phishtank.com/data/online-valid.csv,phishing
https://mohitsolanki.com/wp-admin/user/DE49.php,https://data.phishtank.com/data/online-valid.csv,phishing
https://ulys-regler-peages.com/,https://data.phishtank.com/data/online-valid.csv,phishing
http://allegrolokalnie.pl-oferta826327524.com,https://data.phishtank.com/data/online-valid.csv,phishing
https://administrador123.wufoo.com/forms/zjpsjqr1aapcuj/,https://data.phishtank.com/data/online-valid.csv,phishing
http://43.134.167.94/v3/signin/identifier?dsh=S520764486%3A1680120046851997&amp%3Bifkv=AQMjQ7S7hsGO4jMIBQ4OHzkQkrTrGGs2vgOMeJT7SzMqmIkj3eDSbx7MeHM3AP-GYc7SfkhcnjhJ&amp%3Bxrealip=107.178.200.216&continue=https%3A%2F%2Faccounts.google.com%2F%3F&xrealip=107.21.207.171&flowName=WebLiteSignIn&flowEntry=ServiceLogin&ifkv=AQMjQ7QZWLvzCSt9OTHjV25qwuo-WrlKfQjt_8FovSp6BU56psoCaAthWxepDK3_LWlo4lyXGINS1A,https://data.phishtank.com/data/online-valid.csv,phishing
https://drqft.cn/Login,https://data.phishtank.com/data/online-valid.csv,phishing
https://docs.google.com/presentation/d/e/2PACX-1vSTZROXwg6eZMnw0cduCGbMzCoYdPQ7qvHUmxUpDKiIse3X-0LNvbPRNigh1c7mHCGyxOoTB5kEz3MV/pub,https://data.phishtank.com/data/online-valid.csv,phishing
https://ersenwe-43257.firebaseapp.com/,https://data.phishtank.com/data/online-valid.csv,phishing
https://bit.ly/2410strp2,https://data.phishtank.com/data/online-valid.csv,phishing
https://docs.google.com/presentation/d/e/2PACX-1vTY1E6qgokWZlmy1OP6_qnJkYuktAdwfKdfzroqwJhW0KFSZR_FmTBvKL7g3m09qmoHyJ0k89ADag_3/pub?start=false&loop=false&delayms=3000,https://data.phishtank.com/data/online-valid.csv,phishing
https://bit.ly/3Yj7UcG,https://data.phishtank.com/data/online-valid.csv,phishing
https://z55gxbf0bb.execute-api.us-west-2.amazonaws.com/track?curr_track_type=link_click&link_id=viXRT12&temp_id=IjI3MTMzMCI_3D&email_id=mailget_email_id_replace&s_id=mailget_s_id_replace&server=replace_smtp_server&type=replace_drip_type,https://data.phishtank.com/data/online-valid.csv,phishing
https://corssap.blogspot.com/,https://data.phishtank.com/data/online-valid.csv,phishing
https://new.express.adobe.com/webpage/q2fFn1VtOLKv6,https://data.phishtank.com/data/online-valid.csv,phishing
https://pub-86bcfdb5c8f244d2bfc98c86780eea34.r2.dev/auth-mfa.html#tena.simpson@albemarle.com,https://data.phishtank.com/data/online-valid.csv,phishing
https://l.ead.me/bfJDPH,https://data.phishtank.com/data/online-valid.csv,phishing
https://emmaborris05.m-pages.com/owV3n2/finky,https://data.phishtank.com/data/online-valid.csv,phishing
https://docs.google.com/presentation/d/e/2PACX-1vS9n2Tm4UPNC4jdKQ00ETcDHeKqyZB7ssw7asQScQN-_F84dyQb4V4jF7bHZEcir5-qnexLs5OZ3iVF/pub?start=false&amp;loop=false&amp;delayms=3000,https://data.phishtank.com/data/online-valid.csv,phishing
https://qrco.de/bfLo8mSVerher5h354yhehj,https://data.phishtank.com/data/online-valid.csv,phishing
http://pub-4974a8d9bd7347c7a61b9b091e3f09e1.r2.dev/usa/index.html,https://data.phishtank.com/data/online-valid.csv,phishing
https://about.me/uniglobalcentrelean,https://data.phishtank.com/data/online-valid.csv,phishing
https://docs.google.com/presentation/d/e/2PACX-1vQWDxpuCnwVZc-b0XJzGL__BhSWHdvjAmK5kZKaiWE8eZd9URyEb9ydk0zWtBayXF8XonGhbobOSkt2/pub?start=false&amp;loop=false&amp;delayms=3000,https://data.phishtank.com/data/online-valid.csv,phishing
https://us12.campaign-archive.com/?e=403d557ddd&u=6ccd22e28a652f49231e4e0bd&id=648db59e44,https://data.phishtank.com/data/online-valid.csv,phishing
https://sites.google.com/view/kjlfhslkjdhlskjdngmhk=,https://data.phishtank.com/data/online-valid.csv,phishing
https://urlz.fr/uPc9,https://data.phishtank.com/data/online-valid.csv,phishing
https://pplzugang.com/help,https://data.phishtank.com/data/online-valid.csv,phishing
https://tx9mkhhbb.cc.rs6.net/tn.jsp?c=rn3bk-y80-oZ0n5g7TS2Racrj7W2gXBi6I4VOar2XfJsK4eXN7pJtw==&ch=ANpzrSL-Et0UvFam7TQQAPKpQqPbkOb5UXhBW1MCqOIRtpXfJx8EaA==&f=001pM3Vp1LCkaMhxyuEVua3QBWl-FOcwBQy6WLkHOJMtsHeu2rz3sC8aBK30F1rzu4yEirRBmcOOsBppjHDh0Et_Uzgk-49LIAgYMZoaWXQB9Qz2SnQcsSOl6hogfgyEvuJ6-nJiIZQEqrsjKK2PEW4sw=,https://data.phishtank.com/data/online-valid.csv,phishing
https://new.express.adobe.com/webpage/KMd5LDXn2rOvV,https://data.phishtank.com/data/online-valid.csv,phishing
https://docu-web-mrelay.info/,https://data.phishtank.com/data/online-valid.csv,phishing
https://us3.campaign-archive.com/?u=39fbf5c8ab0273072f73736b3&id=8a4a4fe684,https://data.phishtank.com/data/online-valid.csv,phishing
http://www.ontechpremises.org/,https://data.phishtank.com/data/online-valid.csv,phishing
https://bit.ly/3T1tIWH,https://data.phishtank.com/data/online-valid.csv,phishing
https://zmail-iitm-ac-in.weebly.com/,https://data.phishtank.com/data/online-valid.csv,phishing
http://allegrolokalnie.ods-c948y7576.rest,https://data.phishtank.com/data/online-valid.csv,phishing
https://docs.google.com/presentation/d/e/2PACX-1vQy8bEZNvl2OthW8SCgGXbGyHajeUgQw-4BgxAX8-VmF2r99p_m2As3v4KKoaUScmAaLuH9cLzeN5bI/pub?start=false&amp;loop=false&amp;delayms=3000&amp;slide=id.p,https://data.phishtank.com/data/online-valid.csv,phishing
https://my-docomo.0kfy6hk7.top/fingerprint.php,https://data.phishtank.com/data/online-valid.csv,phishing
https://l.ead.me/bfbJpS,https://data.phishtank.com/data/online-valid.csv,phishing
https://amazonlogin.webflow.io/,https://data.phishtank.com/data/online-valid.csv,phishing
https://us7.campaign-archive.com/?u=e057fde4b65e8ed57936cfe77&id=401a6a7d1f,https://data.phishtank.com/data/online-valid.csv,phishing
https://mtb-247-sec00.firebaseapp.com/,https://data.phishtank.com/data/online-valid.csv,phishing
https://qrco.de/bfMWom,https://data.phishtank.com/data/online-valid.csv,phishing
https://lavessi.moderneccentric.com/wp-content/plugins/wp-respiratory-direct/index.php?r=bD1odHRwczovL2RxcmRidi5jb20v,https://data.phishtank.com/data/online-valid.csv,phishing
https://q-r.to/bff4Ku,https://data.phishtank.com/data/online-valid.csv,phishing
https://sites.google.com/view/aktualisierung-aller-gmx-mailb/home,https://data.phishtank.com/data/online-valid.csv,phishing
https://free-5534893.webadorsite.com/,https://data.phishtank.com/data/online-valid.csv,phishing
https://redirection-b836d.web.app/,https://data.phishtank.com/data/online-valid.csv,phishing
https://zimbra-security4989344.web.app/,https://data.phishtank.com/data/online-valid.csv,phishing
https://stikes-mangtap.web.app/,https://data.phishtank.com/data/online-valid.csv,phishing
https://racheljewellery.kinsta.cloud/wp-admin/messaging,https://data.phishtank.com/data/online-valid.csv,phishing
https://l.ead.me/bfN9yT,https://data.phishtank.com/data/online-valid.csv,phishing
https://www.flowcode.com/page/btvnote,https://data.phishtank.com/data/online-valid.csv,phishing
https://www.bing.com/ck/a?!&amp;&amp;p=8509b51ed8fe183cJmltdHM9MTcyMjQ3MDQwMCZpZ3VpZD0zYzU2MDY2ZS01Njg1LTZkYjgtMWI5Ny0xMmExNTdjZDZjYTMmaW5zaWQ9NTIxNQ&amp;ptn=3&amp;ver=2&amp;hsh=3&amp;fclid=3c56066e-5685-6db8-1b97-12a157cd6ca3&amp;u=a1aHR0cDovL3d3dy5zdHVkc3RlcC5raC51YS9jeWJlcnNlY3VyaXR5LWVuZ2luZWVyLw&amp;ntb=1,https://data.phishtank.com/data/online-valid.csv,phishing
https://l.ead.me/bfR0p2,https://data.phishtank.com/data/online-valid.csv,phishing
https://new.express.adobe.com/webpage/p7c2ztTe3Eavw,https://data.phishtank.com/data/online-valid.csv,phishing
http://eferroeacobrza.blogspot.com,https://data.phishtank.com/data/online-valid.csv,phishing
https://eifionjones1-my.sharepoint.com/:o:/g/personal/adam_eifionjones_com/EvesoB6NFepOms9X6z6DF_4BFXwLH7O5YlS7Ebk9KNmxfA?e=5%3a62zRcR&amp;at=9,https://data.phishtank.com/data/online-valid.csv,phishing
https://www.sertras.com/v3/gndi-login/,https://data.phishtank.com/data/online-valid.csv,phishing
https://outlookstudentopacnz.weebly.com/,https://data.phishtank.com/data/online-valid.csv,phishing
https://docs.google.com/presentation/d/e/2PACX-1vTGnoHWpgn4g2igk3h0HpRReJTTpv2yXiataoBc_7n7mH5MgRUX9Bmh73jx3qtRNGOTQS8Z4Jt-Mys_/pub?start=false&amp;loop=false&amp;delayms=3000,https://data.phishtank.com/data/online-valid.csv,phishing
https://q4eyork.icu/u5fdqtqm/jnPzSm/7,https://data.phishtank.com/data/online-valid.csv,phishing
https://q-r.to/bfFhao,https://data.phishtank.com/data/online-valid.csv,phishing
https://us9.campaign-archive.com/?u=5540d7c856e197f10af1e80b3&id=337d94b670,https://data.phishtank.com/data/online-valid.csv,phishing
https://sp837032.sitebeat.crazydomains.com/,https://data.phishtank.com/data/online-valid.csv,phishing
https://mydirectfi.web.app/,https://data.phishtank.com/data/online-valid.csv,phishing
https://hrp-inc.com/docomo/,https://data.phishtank.com/data/online-valid.csv,phishing
https://signature-uptraspac.firebaseapp.com/,https://data.phishtank.com/data/online-valid.csv,phishing
http://skatt2.wpenginepowered.com/wp-content/,https://data.phishtank.com/data/online-valid.csv,phishing
https://kundenservices2023.blogspot.com/,https://data.phishtank.com/data/online-valid.csv,phishing
https://docs.google.com/presentation/d/e/2PACX-1vQVe8TQGscTxdSI2JzlQNl9gHmnz3GpAGOg4aCTRMXE_vJyreSCLY5AMqON9ZQj4FJe65EGYlOA1SRQ/pub?start=true&amp;loop=true&amp;delayms=1000,https://data.phishtank.com/data/online-valid.csv,phishing
https://qrco.de/bfEwxd,https://data.phishtank.com/data/online-valid.csv,phishing
https://secretteam.gitbook.io/info,https://data.phishtank.com/data/online-valid.csv,phishing
https://docs.google.com/presentation/d/e/2PACX-1vQYSayzTlt5VUn2v50N6mVlNPXAr6M5BHWI8dSEt-hqSU_MPCQyh_aSYbyi_UOc_tOSsUAG964n3KFn/pub?start=false&amp;loop=false&amp;delayms=3000,https://data.phishtank.com/data/online-valid.csv,phishing
https://vk.com/away.php?utf=1&to=https%3A%2F%2Fsv-schiffmann.de%2Fwp-includes%2Fsitemaps%2Fmainbot.php?idtrack=5B6pP6Yd,https://data.phishtank.com/data/online-valid.csv,phishing
https://www.dropbox.com/scl/fi/mb3a85qodyzd4hz9dg70l/No-Response_Broadband.paper?rlkey=02f6zwtfci6sin44oh402fd1v&dl=0,https://data.phishtank.com/data/online-valid.csv,phishing
https://docs.google.com/presentation/d/1TfkcSwu12JTxLvYZJgr3yNIt0MkO5ZDAIFcyjF8zN1w/pub?start=true&amp;loop=false&amp;delayms=3000,https://data.phishtank.com/data/online-valid.csv,phishing
https://qrco.de/bfJvCF,https://data.phishtank.com/data/online-valid.csv,phishing
https://l.wl.co/l?u=https://qrco.de/bfLka0,https://data.phishtank.com/data/online-valid.csv,phishing
https://sites.google.com/view/we-transfer-104b/accueil,https://data.phishtank.com/data/online-valid.csv,phishing
https://docs.google.com/drawings/d/1tRTnjqf9-zVa3o5v_zjTvYHRDykMCeftmPuYOYvzaWM/edit,https://data.phishtank.com/data/online-valid.csv,phishing
https://www3-vpass-jp.akhcs.cn/?transid=gDnOSF8d1a9TB38u1loR1aZG,https://data.phishtank.com/data/online-valid.csv,phishing
https://cwright776.wixsite.com/my-site-2,https://data.phishtank.com/data/online-valid.csv,phishing
https://sites.google.com/view/att-currently-11-27-23/update,https://data.phishtank.com/data/online-valid.csv,phishing
https://958real.com//mplala/Sites/index.html,https://data.phishtank.com/data/online-valid.csv,phishing
https://docs.google.com/presentation/d/e/2PACX-1vSU5wtqbRB_S-N5GI-GXwfACepQafjO_St9PRjrFol3-3ekfUQjjfhVYorkiozFNKdvTPO7SKSjS4dd/pub?start=false&amp;loop=false&amp;delayms=3000,https://data.phishtank.com/data/online-valid.csv,phishing
https://allegro.pl-ofertaid46109323.rest,https://data.phishtank.com/data/online-valid.csv,phishing
https://hotm.art/2385723905230676,https://data.phishtank.com/data/online-valid.csv,phishing
https://app-acending-owners2023.start.page/,https://data.phishtank.com/data/online-valid.csv,phishing
https://uploads.strikinglycdn.com/files/3b3d9518-0099-4eb2-809f-d045a111a550/reglement_tombola_Domaine_du_Port2.0.pdf?t=1704638177&amp;id=4091046,https://data.phishtank.com/data/online-valid.csv,phishing
https://yyyyyyyyyyyyxx.weebly.com/,https://data.phishtank.com/data/online-valid.csv,phishing
https://bussiness-center-support.pages.dev/,https://data.phishtank.com/data/online-valid.csv,phishing
https://bookme.com/btwebmail,https://data.phishtank.com/data/online-valid.csv,phishing
https://q-r.to/bfKYlg,https://data.phishtank.com/data/online-valid.csv,phishing
https://about.me/jcqgcsssofternaimrtey,https://data.phishtank.com/data/online-valid.csv,phishing
http://pub-e93a3d69872a459996f41660cd6c10b5.r2.dev/index.html,https://data.phishtank.com/data/online-valid.csv,phishing
https://tbc.yox.mybluehost.me/wp-includes/block-patterns/nds/T-online-fixed/Login,https://data.phishtank.com/data/online-valid.csv,phishing
https://dappsappplug.firebaseapp.com/,https://data.phishtank.com/data/online-valid.csv,phishing
https://notedefraisbist.web.app/,https://data.phishtank.com/data/online-valid.csv,phishing
https://cxopepkb.tivax.cfd/gzpejxe,https://data.phishtank.com/data/online-valid.csv,phishing
https://bit.ly/3WOFXZ9,https://data.phishtank.com/data/online-valid.csv,phishing
https://sites.google.com/view/richieeverizonhjk/home,https://data.phishtank.com/data/online-valid.csv,phishing
https://docs.google.com/presentation/d/e/2PACX-1vTpKKy0N8nzgBiEO8_8EQxl1-Kfvz0cWb6UAEApTBeNtlpUng54199pywqFVVIlNuvvF-qUDJgwXF1t/pub?start=true&amp;loop=true&amp;delayms=1000,https://data.phishtank.com/data/online-valid.csv,phishing
https://l.ead.me/bfJw8N,https://data.phishtank.com/data/online-valid.csv,phishing
https://docs.google.com/presentation/d/e/2PACX-1vQZ748vXq_nYma7pdJ8sCstXJ8LwhHlA6l0tqCjR9F8uOOzcXKoXzmA-ewAlqSGg1V4Kpl7fy7GuOjG/pub?start=false&loop=false&delayms=3000,https://data.phishtank.com/data/online-valid.csv,phishing
https://docs.google.com/presentation/d/e/2PACX-1vRGO3x-OTUDVyHZAJTeYe3fAQU2mDXwQNGF2RfQwWs1xLtXoudhKE8VQaML73N_CkIFFN5Z7ig1toVT/pub?start=false&amp;loop=false&amp;delayms=3000,https://data.phishtank.com/data/online-valid.csv,phishing
https://q-r.to/bfMSZx,https://data.phishtank.com/data/online-valid.csv,phishing
https://universityjobverificationon.weebly.com/,https://data.phishtank.com/data/online-valid.csv,phishing
https://t.co/B5XwP83jiY,https://data.phishtank.com/data/online-valid.csv,phishing
https://master.verify.co.jp.index.94bvc.com/ja/,https://data.phishtank.com/data/online-valid.csv,phishing
https://q-r.to/bfWIP3,https://data.phishtank.com/data/online-valid.csv,phishing
https://mercedessalasl.wixsite.com/czech,https://data.phishtank.com/data/online-valid.csv,phishing
https://bafkreify3jissjdi5xn4ykxyqloc3lrt45cevbl5lwakzmgjvdmgx4rzvu.ipfs.dweb.link/,https://data.phishtank.com/data/online-valid.csv,phishing
https://tu-braunschweigemail.weebly.com/,https://data.phishtank.com/data/online-valid.csv,phishing
https://nevergoastray.weebly.com/,https://data.phishtank.com/data/online-valid.csv,phishing
https://pub-6502dddebdc447ed9023277db681dd94.r2.dev/vm3.html,https://data.phishtank.com/data/online-valid.csv,phishing
https://debremzers.firebaseapp.com/,https://data.phishtank.com/data/online-valid.csv,phishing
https://l.ead.me/bfKYKe,https://data.phishtank.com/data/online-valid.csv,phishing
https://reurl.cc/dnpNOk,https://data.phishtank.com/data/online-valid.csv,phishing
https://lite.evernote.com/note/bc5cf23a-e151-aeaa-0374-ed642cc5ebf7,https://data.phishtank.com/data/online-valid.csv,phishing
http://www.entrar.enquete.gerenciagram.net,https://data.phishtank.com/data/online-valid.csv,phishing
https://gfghgyj.onepage.me/,https://data.phishtank.com/data/online-valid.csv,phishing
https://docs.zoom.us/doc/V7bNl9q_R3KRV4ks8mI6ww,https://data.phishtank.com/data/online-valid.csv,phishing
http://allegrolokalnie.pl-oferta7807418.shop,https://data.phishtank.com/data/online-valid.csv,phishing
https://l.ead.me/bfMsWJ,https://data.phishtank.com/data/online-valid.csv,phishing
https://hrcljepq.me/hgb/iniciar/,https://data.phishtank.com/data/online-valid.csv,phishing
https://panelanj.com/panelanj/update/r.php,https://data.phishtank.com/data/online-valid.csv,phishing
http://allegrolokalnie.300552.shop,https://data.phishtank.com/data/online-valid.csv,phishing
https://sites.google.com/view/service-page-3475/home,https://data.phishtank.com/data/online-valid.csv,phishing
https://hjgdfrety.weebly.com/,https://data.phishtank.com/data/online-valid.csv,phishing
https://cuni-cz.weebly.com/,https://data.phishtank.com/data/online-valid.csv,phishing
https://qrco.de/bfTuqs,https://data.phishtank.com/data/online-valid.csv,phishing
https://linklist.bio/yah00,https://data.phishtank.com/data/online-valid.csv,phishing
https://time-worked.web.app/,https://data.phishtank.com/data/online-valid.csv,phishing
https://l.ead.me/bfK6V5,https://data.phishtank.com/data/online-valid.csv,phishing
https://docs.google.com/drawings/d/1ZJerODnGdeOVlfpfOV6CR4g3fkNQ2ukFS6QE7vtC1Aw/edit,https://data.phishtank.com/data/online-valid.csv,phishing
https://l.ead.me/bfHdb9,https://data.phishtank.com/data/online-valid.csv,phishing
https://eu.jotform.com/app/252102307522341,https://data.phishtank.com/data/online-valid.csv,phishing
https://id-review-case-10004285.web.app/,https://data.phishtank.com/data/online-valid.csv,phishing
https://cqddswpwncsxrqfcdxffyvvetxjbdc.s3.us-west-1.amazonaws.com/xnhjqmzmjauxoqrkwlosthfpycmmcq/zgxugzganxrqgjqrmitjauxh.html,https://data.phishtank.com/data/online-valid.csv,phishing
https://l.ead.me/bfG5bF,https://data.phishtank.com/data/online-valid.csv,phishing
https://l.ead.me/bfI1S4,https://data.phishtank.com/data/online-valid.csv,phishing
https://us11.campaign-archive.com/?u=18f322d20ca84bcab202fe801&id=9f982b18f8,https://data.phishtank.com/data/online-valid.csv,phishing
https://final-declare.github.io/zitat/,https://data.phishtank.com/data/online-valid.csv,phishing
https://q-r.to/bfSgm0,https://data.phishtank.com/data/online-valid.csv,phishing
https://us19.campaign-archive.com/?u=be55ccfd119edd48972854e1a&id=264d56ff3d,https://data.phishtank.com/data/online-valid.csv,phishing
https://www.dropbox.com/scl/fi/exnbh5si9llh2eq5fff3n/BT-Broadband.paper?rlkey=qigm1682z2v7ju344umbc9yiw&dl=0,https://data.phishtank.com/data/online-valid.csv,phishing
https://tinyurl.com/2ptwvncw,https://data.phishtank.com/data/online-valid.csv,phishing
https://qrco.de/Trbes24,https://data.phishtank.com/data/online-valid.csv,phishing
https://my.forms.app/form/62b226c7bd94a175bba80751,https://data.phishtank.com/data/online-valid.csv,phishing
https://apollohouses.it/css/?3mail@a.b.c0,https://data.phishtank.com/data/online-valid.csv,phishing
https://l.ead.me/bfJDRY,https://data.phishtank.com/data/online-valid.csv,phishing
https://btinternetservice.plutio.com/login,https://data.phishtank.com/data/online-valid.csv,phishing
http://pub-8be4659f157e4d45b72e6cec85017bdd.r2.dev/index.html,https://data.phishtank.com/data/online-valid.csv,phishing
https://storage.cloud.google.com/q90qqqar22r229r292euser.appspot.com/index.html,https://data.phishtank.com/data/online-valid.csv,phishing
https://bridge-trezor--io.pages.dev/,https://data.phishtank.com/data/online-valid.csv,phishing
https://docs.google.com/presentation/d/e/2PACX-1vS5ik9_hfw5Nly6h8viZtHPL0CptnVnE4bueHSOPTRTRCYJqMvjFOjWweBMTM3Izx2XQQew-J2vphzE/pub?start=false&amp;loop=false&amp;delayms=3000,https://data.phishtank.com/data/online-valid.csv,phishing
https://g4666654.weebly.com/,https://data.phishtank.com/data/online-valid.csv,phishing
https://qrco.de/bfK0Zq,https://data.phishtank.com/data/online-valid.csv,phishing
https://t.co/4EOHuT9IeH,https://data.phishtank.com/data/online-valid.csv,phishing
https://pub-d46a48c2b1034986afe1d0387d8ed689.r2.dev/bypasssacco8787usdhjdssdbdshjhsjsd.html,https://data.phishtank.com/data/online-valid.csv,phishing
https://farmersend.com/balling,https://data.phishtank.com/data/online-valid.csv,phishing
https://qrco.de/bfYsWY,https://data.phishtank.com/data/online-valid.csv,phishing
https://gjckaevsdjzvhcu74edjchj-yrwadksdjfhwa87623ywesgv.teemill.com/,https://data.phishtank.com/data/online-valid.csv,phishing
https://new.express.adobe.com/webpage/AOZQgVw68CWeP,https://data.phishtank.com/data/online-valid.csv,phishing
https://docs.google.com/presentation/d/e/2PACX-1vTt82zl3qzXK9sOh4VUoWRwOPFr4YSl8AZDTHXUmGlB6IuhAhBse59ge5-jOjSkg-sZZYnkWtzeqKov/pub?start=false&loop=false&delayms=3000&slide=id.p,https://data.phishtank.com/data/online-valid.csv,phishing
http://tudosobretodos.se,https://data.phishtank.com/data/online-valid.csv,phishing
https://docs.google.com/presentation/d/e/2PACX-1vTvrOvRAkgVPZc3j1sBU61ub-hA43KUVtQF3Uip6M_gfnLD2DKkyFy8LkPM7biytBlO0loxM9BhJ3v-/pub?start=false&amp;loop=false&amp;delayms=3000,https://data.phishtank.com/data/online-valid.csv,phishing
https://docs.google.com/presentation/d/e/2PACX-1vRte0WAZYHuTKQxHbwb2IZspQDQu1-FOexpBCoepBcbnsV9JxAme8m3Lw-4zS-lfaeC9PQZJsATkuIC/pub,https://data.phishtank.com/data/online-valid.csv,phishing
https://docs.google.com/presentation/d/e/2PACX-1vTFXF9Chu0_MG64Wsy69HH5FGNmcQwM1v3FXdqPUZr5mqPsjpQ-aANpoSSQymnwoQ6KxYCBBhRZsT4a/pub?start=false&amp;loop=false&amp;delayms=3000,https://data.phishtank.com/data/online-valid.csv,phishing
https://l.ead.me/bfEQPx,https://data.phishtank.com/data/online-valid.csv,phishing
https://tab-volfed.firebaseapp.com/,https://data.phishtank.com/data/online-valid.csv,phishing
https://docs.google.com/presentation/d/1SzAgTx1lhZt_dy8ib0DLJrSwUWTmJ5ZD78b58g3rTaU,https://data.phishtank.com/data/online-valid.csv,phishing
https://estudiokohler.com.ar/wp/wp-admin/maint/FBD/main/,https://data.phishtank.com/data/online-valid.csv,phishing
https://docs.google.com/presentation/d/e/2PACX-1vTHsvba59GX51YADxkuc-TEUL5FflbIlwnl6_EU6yuuauneN2nWt9i2_PugB2TTPDVkZCJXVziO9bnN/pub?start=false&loop=false&delayms=3000&slide=id.p%3E,https://data.phishtank.com/data/online-valid.csv,phishing
https://hicman00127937338.pages.dev/hicman0_gen#@,https://data.phishtank.com/data/online-valid.csv,phishing
https://qrco.de/bfJiaW,https://data.phishtank.com/data/online-valid.csv,phishing
https://pub-cb72691642c444eb900a44aa1d8a7107.r2.dev/aguiyi-e5cc43015815732a4d38f73eec6434e3e5cc43015815732a4d38f73eec6434e3e5cc43015815732a4d38f73eec6434e3outl00kAguiyi.html,https://data.phishtank.com/data/online-valid.csv,phishing
http://allegrolokalnie.pl-kategorie78127833718237.shop,https://data.phishtank.com/data/online-valid.csv,phishing
https://bafkreiempqzuzfc2lwmokd3ak66zr54npzlphpxzm55wany63kzqfvkg2a.ipfs.dweb.link/,https://data.phishtank.com/data/online-valid.csv,phishing
https://btbroadband-k2tr.glide.page/dl/264463,https://data.phishtank.com/data/online-valid.csv,phishing
https://tenislousada.com/wp-includes/jsquery.html#,https://data.phishtank.com/data/online-valid.csv,phishing
https://docs.google.com/presentation/d/e/2PACX-1vS-0l8xoTSkFkViUIdHaofiCzc8u4JT-PDrsWhXp8hQ7CdftXBkcjU799iiZDp-l7mnMnGRs47hkKR4/pub?start=false&loop=false&delayms=3000&pli=1&slide=id.p%3E,https://data.phishtank.com/data/online-valid.csv,phishing
https://l.ead.me/bfTrOO,https://data.phishtank.com/data/online-valid.csv,phishing
https://sites.google.com/0nedrive-0365-folder.network/emm454?usp=sharing,https://data.phishtank.com/data/online-valid.csv,phishing
https://new.express.adobe.com/webpage/21efLPpRkiHVO,https://data.phishtank.com/data/online-valid.csv,phishing
https://l5uco5r66.urest.org/,https://data.phishtank.com/data/online-valid.csv,phishing
https://menuwerm.web.app/,https://data.phishtank.com/data/online-valid.csv,phishing
http://thedomapinrobot.com./out.php?email=bjpg88@att.net,https://data.phishtank.com/data/online-valid.csv,phishing
https://qrco.de/bfbAz8?userID=QrH2DReT,https://data.phishtank.com/data/online-valid.csv,phishing
https://btinternet1.durablesites.com/,https://data.phishtank.com/data/online-valid.csv,phishing
https://encr.pw/32IYY,https://data.phishtank.com/data/online-valid.csv,phishing
https://btnewmailser.weebly.com/,https://data.phishtank.com/data/online-valid.csv,phishing
https://choisir-un-lockers-mardi.com/as.php,https://data.phishtank.com/data/online-valid.csv,phishing
https://mailverificationteamoath.weebly.com/,https://data.phishtank.com/data/online-valid.csv,phishing
https://l.ead.me/bfUXDb,https://data.phishtank.com/data/online-valid.csv,phishing
https://dqsdazd-zadaa.blogspot.nl/,https://data.phishtank.com/data/online-valid.csv,phishing
https://updataservcoreo25.weebly.com/,https://data.phishtank.com/data/online-valid.csv,phishing
https://forecobatservicefr.web.app/,https://data.phishtank.com/data/online-valid.csv,phishing
https://uyhghetjyrysthfdgvedg.github.io/WEFUIGHTEJNFGED/#dQk?cb=5Se1&amp;VfDbGdT4R4ErD54tR1DtR=example&amp;moD=lFB&amp;wE657UyRfVtO=example.com&amp;jG=lFBk,https://data.phishtank.com/data/online-valid.csv,phishing
https://927f2cce.sibforms.com/serve/MUIFAJVvJ7TBQjzCJ1gcFnsaUaEJZdMZf5-0BnJijjCTo0FMcUV6SyQArmyNSacYt8HW2FeH1RCxupAAyyZ6z-D6I9k6K0UEwc0_PfT-aR3UoIdECOUKZrBN10K5Em_l7Qj4UdKok0V-0HvOWnR4dVTQAYotCtiMubqE0f-V5wFVzfgWfIcXdL4ML6AsZ9wUf8LBpEUCLFdHLCh_e,https://data.phishtank.com/data/online-valid.csv,phishing
https://l.wl.co/l?u=https://ungu.in/ehu4ert5h5e4ryh5hhb,https://data.phishtank.com/data/online-valid.csv,phishing
http://tg.mycardsshop.com/,https://data.phishtank.com/data/online-valid.csv,phishing
https://allegrolokalnie.xzk-vdacaw-dc-lcsjafees5.top/,https://data.phishtank.com/data/online-valid.csv,phishing
https://ezurl.nl/yloi2,https://data.phishtank.com/data/online-valid.csv,phishing
https://share.hsforms.com/1bDM29rMkQAa6Ie2ptaDB9Qsqagu,https://data.phishtank.com/data/online-valid.csv,phishing
https://vero-fi-bfb14.firebaseapp.com/,https://data.phishtank.com/data/online-valid.csv,phishing
https://appealing-kr-issuenow.firebaseapp.com/,https://data.phishtank.com/data/online-valid.csv,phishing
https://bit.ly/4dryu7W,https://data.phishtank.com/data/online-valid.csv,phishing
https://storage.cloud.google.com/indettn/pdflmanco.html,https://data.phishtank.com/data/online-valid.csv,phishing
https://q-r.to/bfI1S4,https://data.phishtank.com/data/online-valid.csv,phishing
https://bradesco-livelocartoes.com,https://data.phishtank.com/data/online-valid.csv,phishing
https://new.express.adobe.com/webpage/6MyzK8odpj0fg,https://data.phishtank.com/data/online-valid.csv,phishing
https://pub-d632e1a48ad344649f13deeb4ecf9a3a.r2.dev/artt.html,https://data.phishtank.com/data/online-valid.csv,phishing
http://qcxfdr87.hyperphp.com/?i=1,https://data.phishtank.com/data/online-valid.csv,phishing
https://docs.google.com/presentation/d/e/2PACX-1vR7At5CvdfB6-cI0B263ETNacD7carJ9wKFWuH47hDvh1DZmDgme6w8BZ3x_JHfMbXBXgHHKbGOUteM/pub?start=false&amp;loop=false&amp;delayms=3000,https://data.phishtank.com/data/online-valid.csv,phishing
https://bit.ly/4bDr7J5,https://data.phishtank.com/data/online-valid.csv,phishing
https://www.flowcode.com/page/hjklkm,https://data.phishtank.com/data/online-valid.csv,phishing
https://esjuneli.firebaseapp.com/,https://data.phishtank.com/data/online-valid.csv,phishing
https://www.va.permata.bankslemansyariah.co.id/,https://data.phishtank.com/data/online-valid.csv,phishing
https://bttmail.plutio.com/p/form/kZcKAGtYy3xgbithm,https://data.phishtank.com/data/online-valid.csv,phishing
https://l.ead.me/bfHq00,https://data.phishtank.com/data/online-valid.csv,phishing
https://bafkreibmldaojupgry5e3hyspeunifodbtfiwdp7w6rrzdyfn3zfewhonu.ipfs.dweb.link/,https://data.phishtank.com/data/online-valid.csv,phishing
https://2f5doi.share-eu1.hsforms.com/2gfPH58UaQFeTjWusWySvVg,https://data.phishtank.com/data/online-valid.csv,phishing
https://pub-5fe128b80bb74fb5bed9b6f57f31e6b8.r2.dev/newcpanel-aa5cc43015815732a4d38f73eec6434e3e5cc43015815732a4d38f73eec6434e3e5cc432234015815732a4d38f73eec6434e3e5cc43015815732a4d38f73eec6434e3e5cc43015815732a4d38f73eec6434e3ssww333.htm,https://data.phishtank.com/data/online-valid.csv,phishing
https://forms.office.com/pages/responsepage.aspx?id=DQSIkWdsW0yxEjajBLZtrQAAAAAAAAAAAAO__WN1clNUMFBNSFU5NENVT1JYOEdOQ1BQNlRSOUEwTy4u&amp;fbclid=IwAR2LlluPSVQAUKbHxZzymz6OtA_HrGwX3e4Io3_wKdmj3-5mD1d__LxtZ2g,https://data.phishtank.com/data/online-valid.csv,phishing
https://pub-fb083ff96a084263810de1145c98cad6.r2.dev/index.html,https://data.phishtank.com/data/online-valid.csv,phishing
https://help-stakestone.webflow.io/,https://data.phishtank.com/data/online-valid.csv,phishing
https://cloud-ed980.web.app/,https://data.phishtank.com/data/online-valid.csv,phishing
https://abgbnjuygv.weebly.com/,https://data.phishtank.com/data/online-valid.csv,phishing
https://qrco.de/bfZrHP,https://data.phishtank.com/data/online-valid.csv,phishing
https://docs.google.com/presentation/d/1yKMSCi5I1RXqXj-7cU84yFIYjMvveOPJ9B7za-T_gaY/pub?start=false&amp;loop=false&amp;delayms=3000,https://data.phishtank.com/data/online-valid.csv,phishing
https://qrco.de/bfFfNh,https://data.phishtank.com/data/online-valid.csv,phishing
https://pub-d603c924b2094d6883f06a98fe26ea5c.r2.dev/Alldomain-index.html,https://data.phishtank.com/data/online-valid.csv,phishing
https://site-018mj9y97.godaddysites.com/,https://data.phishtank.com/data/online-valid.csv,phishing
http://cd66388.tw1.ru/,https://data.phishtank.com/data/online-valid.csv,phishing
https://sites.google.com/view/protege12,https://data.phishtank.com/data/online-valid.csv,phishing
https://decentralized-dapps.web.app/,https://data.phishtank.com/data/online-valid.csv,phishing
https://qrco.de/bfO05s,https://data.phishtank.com/data/online-valid.csv,phishing
https://eu.jotform.com/app/251882925426566,https://data.phishtank.com/data/online-valid.csv,phishing
https://q-r.to/bfNojT,https://data.phishtank.com/data/online-valid.csv,phishing
https://shop.us21.list-manage.com/track/click?u=8b0300554fdc35895e49c9797&id=bbdd7d08d5&e=a6f9568d34,https://data.phishtank.com/data/online-valid.csv,phishing
https://bafkreih3jr4kmgbrqq5onknwgw2hp6npsxvggunltdd7nkile3rxpdb5em.ipfs.dweb.link/,https://data.phishtank.com/data/online-valid.csv,phishing
https://jjs-spe.webflow.io/,https://data.phishtank.com/data/online-valid.csv,phishing
https://storage.cloud.google.com/cmc111/dm.html,https://data.phishtank.com/data/online-valid.csv,phishing
https://eu.jotform.com/app/252361661400346,https://data.phishtank.com/data/online-valid.csv,phishing
https://docs.google.com/presentation/d/e/2PACX-1vQVsLu9dfT59cX6BXWV0eMgx6EzkSi9UZ29_nL1aafa_cW-P_TJzGXil-7PQ-khgP0tObAu9mRULAdV/pub?start=false&amp;loop=false&amp;delayms=3000,https://data.phishtank.com/data/online-valid.csv,phishing
https://mmwebbercoza.weebly.com/,https://data.phishtank.com/data/online-valid.csv,phishing
https://share.hsforms.com/1dTMbjHWxRFmQRpecZIvhdwsqycd,https://data.phishtank.com/data/online-valid.csv,phishing
http://transactiva.rf.gd,https://data.phishtank.com/data/online-valid.csv,phishing
https://l.ead.me/bfMrDS,https://data.phishtank.com/data/online-valid.csv,phishing
https://bit.ly/4d7wWQD,https://data.phishtank.com/data/online-valid.csv,phishing
https://btinternetcom-mf1b.glide.page/dl/a36518,https://data.phishtank.com/data/online-valid.csv,phishing
https://docs.google.com/drawings/d/1DMx9FEJOgsBtWO0Px86eo3C-1oXUpLKLZTDkVP7aPcg/edit,https://data.phishtank.com/data/online-valid.csv,phishing
https://lqrrheidnei9403riri9hrc.pages.dev/,https://data.phishtank.com/data/online-valid.csv,phishing
https://ming-auth.firebaseapp.com/,https://data.phishtank.com/data/online-valid.csv,phishing
https://www.juba-city.com/initjulypres/cyclguidinnov/403.php,https://data.phishtank.com/data/online-valid.csv,phishing
https://docs.google.com/presentation/d/e/2PACX-1vQJre4AVIO4Ci2MxJQ1LBloerNhcm4MGXxRuEhkItqHEgea8UhrnmJLtXYV5BJiUq54b05XwOpe-tWe/pub?start=false&amp;loop=false&amp;delayms=3000,https://data.phishtank.com/data/online-valid.csv,phishing
https://bit.ly/4cApQUg,https://data.phishtank.com/data/online-valid.csv,phishing
https://webofficeuyu.weebly.com/,https://data.phishtank.com/data/online-valid.csv,phishing
https://gurugeniswhoperish.web.app/,https://data.phishtank.com/data/online-valid.csv,phishing
https://x-xc.weebly.com/,https://data.phishtank.com/data/online-valid.csv,phishing
https://l.ead.me/bfJ98f,https://data.phishtank.com/data/online-valid.csv,phishing
https://docs.google.com/presentation/d/1Qnn5HP65-gVzfINx4tDdXgRlTetgZnuM60qb4xRDZew,https://data.phishtank.com/data/online-valid.csv,phishing
https://l.ead.me/bfXD85,https://data.phishtank.com/data/online-valid.csv,phishing
https://web-protect.pages.dev?iduser=TkRnMU5BPT0=&B6=rUQZt,https://data.phishtank.com/data/online-valid.csv,phishing
https://new.express.adobe.com/webpage/XM1Cv28B5yT3f,https://data.phishtank.com/data/online-valid.csv,phishing
https://magimal.weebly.com/,https://data.phishtank.com/data/online-valid.csv,phishing
https://docs.google.com/presentation/d/e/2PACX-1vQV4IHemfRslU5HnFE8BMysXTYnztD79xG_ZbEmBDd3-uwSnjBx9k2-Ut01Dk5q2b9B5CpqQbRAfU5P/pub?start=false&amp;loop=false&amp;delayms=3000,https://data.phishtank.com/data/online-valid.csv,phishing
https://app-trezr-io-strt-sso-ap.pages.dev/,https://data.phishtank.com/data/online-valid.csv,phishing
https://docs.google.com/presentation/d/e/2PACX-1vS8LtCHkCyrauSyxbvsPtNXX8nwMrVBgMS0UJ262fM8SQvirGPyFG7rOuHaLjgPsoP4IBie9G6IjsvO/pub?start=false&loop=false&delayms=3000&slide=id.p%3E,https://data.phishtank.com/data/online-valid.csv,phishing
https://eoknglwe.an.r.appspot.com/,https://data.phishtank.com/data/online-valid.csv,phishing
https://authgrup.web.app/,https://data.phishtank.com/data/online-valid.csv,phishing
https://docs.google.com/presentation/d/e/2PACX-1vTFVZZOCyzuV1afZpFepqevt77JbObzIQNluvUF9n2ZBg_MI-HBj8IkXu-zr6hWyt9zsHJL-0StseGS/pub?start=false&amp;loop=false&amp;delayms=3000,https://data.phishtank.com/data/online-valid.csv,phishing
http://cassaign.hyperphp.com/?i=1,https://data.phishtank.com/data/online-valid.csv,phishing
https://d32fgx.webwave.dev/?forcePageWithoutCdn=true,https://data.phishtank.com/data/online-valid.csv,phishing
https://bit.ly/40AWXV2,https://data.phishtank.com/data/online-valid.csv,phishing
https://docs.google.com/drawings/d/1NBylvNo_uzUgISlkwVFCoc0lkJpdYrkepE0CdlaL_2s/edit,https://data.phishtank.com/data/online-valid.csv,phishing
https://docs.google.com/presentation/d/e/2PACX-1vRQrRewAsY5jblQn00bs8OZw5nJLWqKB61e4I78mWthDkhpTXtVfMjH3JxoWOgU_T3TyTZIAs0wOnyd/pub?start=false&amp;loop=false&amp;delayms=3000,https://data.phishtank.com/data/online-valid.csv,phishing
https://pub-2d00d6546b834fd497e839604eb88d16.r2.dev/mainowa.html,https://data.phishtank.com/data/online-valid.csv,phishing
https://app.jotform.com/251743934315155,https://data.phishtank.com/data/online-valid.csv,phishing
https://sumpogaes.firebaseapp.com/,https://data.phishtank.com/data/online-valid.csv,phishing
https://cv76108-wordpress-zmpmr.tw1.ru/wp-content/plugins/vsndd-jvca/vsndd-jvca/pages/region.php?lca#059f597e287e0057e,https://data.phishtank.com/data/online-valid.csv,phishing
https://q-r.to/bfJ1eY,https://data.phishtank.com/data/online-valid.csv,phishing
https://mlv465778p0.web.app/,https://data.phishtank.com/data/online-valid.csv,phishing
http://redirectionred33445.blogspot.de,https://data.phishtank.com/data/online-valid.csv,phishing
https://preview.webflow.com/preview/thetimecomtrhrubrt?utm_medium=preview_link&utm_source=designer&utm_content=thetimecomtrhrubrt&preview=6d857d24bfee1708bfa649818e3b49f5&workflow=preview,https://data.phishtank.com/data/online-valid.csv,phishing
https://ionos.serve-lad.eu/Kundenkonto.html,https://data.phishtank.com/data/online-valid.csv,phishing
http://smbc-cardsu7.club,https://data.phishtank.com/data/online-valid.csv,phishing
https://docs.google.com/presentation/d/e/2PACX-1vQIFOj0WhTh0qn6kiNpjFzhIt84Iu0Mo8cX5VbVbFJWCcV3gZRQ2S3LOYckF23NYyXUEPCkakrWXHPr/pub?start=true&amp;loop=false&amp;delayms=60000,https://data.phishtank.com/data/online-valid.csv,phishing
https://hbcjhcc.weebly.com/,https://data.phishtank.com/data/online-valid.csv,phishing
https://docs.google.com/presentation/d/e/2PACX-1vTc92I49fieL_mDfZenf2KUrCapM2Z6quNz12LLftM-X_n8u5MbTVMSjLse6wvOzynXcumZRHS0dQdE/pub?start=false&amp;loop=false&amp;delayms=3000&amp;slide=id.p,https://data.phishtank.com/data/online-valid.csv,phishing
https://gfoflcucbaf.web.app/,https://data.phishtank.com/data/online-valid.csv,phishing
https://valisedenaissance.com/jp,https://data.phishtank.com/data/online-valid.csv,phishing
https://sites.google.com/view/rslteinbox/home,https://data.phishtank.com/data/online-valid.csv,phishing
http://beukprojecten.nl/wp-content/,https://data.phishtank.com/data/online-valid.csv,phishing
https://supportorr.weebly.com/,https://data.phishtank.com/data/online-valid.csv,phishing
https://trezosuiteapp.netlify.app/,https://data.phishtank.com/data/online-valid.csv,phishing
https://qrco.de/bfIaks,https://data.phishtank.com/data/online-valid.csv,phishing
https://q-r.to/bfEeZm,https://data.phishtank.com/data/online-valid.csv,phishing
https://pub-990fbc924d8e42ac8531db56cb6c34c0.r2.dev/rqfshared.html,https://data.phishtank.com/data/online-valid.csv,phishing
https://ruratel45.wixsite.com/my-site,https://data.phishtank.com/data/online-valid.csv,phishing
https://new.express.adobe.com/webpage/p0MkzeJq2BcuG,https://data.phishtank.com/data/online-valid.csv,phishing
https://docs.google.com/presentation/d/e/2PACX-1vTXKd33QZ1Kotl6fQspyOKNGffm6X90yhDb3RpmHscO0TOyuv4-XHP4h7h_wngeKPJRkBwj5P5MMPrX/pub?start=false&amp;loop=false&amp;delayms=3000,https://data.phishtank.com/data/online-valid.csv,phishing
https://sa545456464sassssss.start.page/,https://data.phishtank.com/data/online-valid.csv,phishing
https://q-r.to/bfLn5h,https://data.phishtank.com/data/online-valid.csv,phishing
https://bit.ly/4fMRnDo,https://data.phishtank.com/data/online-valid.csv,phishing
https://q-r.to/bfZ3OY,https://data.phishtank.com/data/online-valid.csv,phishing
https://gthackgem69.weebly.com/,https://data.phishtank.com/data/online-valid.csv,phishing
https://l.ead.me/bfNjMP,https://data.phishtank.com/data/online-valid.csv,phishing
https://storage.googleapis.com/djjdssdjdsks0045.appspot.com/35856.html,https://data.phishtank.com/data/online-valid.csv,phishing
https://urlz.fr/tdpb,https://data.phishtank.com/data/online-valid.csv,phishing
https://us9.campaign-archive.com/?u=bc2c5fed5a12905a9a066a89d&id=a8df99530f,https://data.phishtank.com/data/online-valid.csv,phishing
https://bit.ly/40uL8zA,https://data.phishtank.com/data/online-valid.csv,phishing
https://www.trinetrayogashala.com/,https://data.phishtank.com/data/online-valid.csv,phishing
http://allegrolokalnie.pl-917301.sbs,https://data.phishtank.com/data/online-valid.csv,phishing
https://q-r.to/bfSQGV,https://data.phishtank.com/data/online-valid.csv,phishing
https://eohkdm.e-scurefiles.net/,https://data.phishtank.com/data/online-valid.csv,phishing
https://fszueeddg.firebaseapp.com/,https://data.phishtank.com/data/online-valid.csv,phishing
https://nx.ax/Of1,https://data.phishtank.com/data/online-valid.csv,phishing
https://vatejof752.wixsite.com/login-id,https://data.phishtank.com/data/online-valid.csv,phishing
https://biamodativo.app,https://data.phishtank.com/data/online-valid.csv,phishing
https://docs.google.com/presentation/d/10PlFFpQ-lf0UGDwPI0ozpaQjwIFCIva9EHnXZ-SlwMk/pub?start=false&loop=false&delayms=3000,https://data.phishtank.com/data/online-valid.csv,phishing
https://newemail39.wixsite.com/my-site,https://data.phishtank.com/data/online-valid.csv,phishing
https://docs.google.com/presentation/d/e/2PACX-1vSzV3lRBd2G25eIcLK85vUOXMo6uMTWIR6NhDAId83tcAbV4n5Bl6PYu8aItIfNgDOwK_T8acjcjXMg/pub?start=false&loop=false&delayms=3000,https://data.phishtank.com/data/online-valid.csv,phishing
https://beneficiosprodu.webcindario.com/,https://data.phishtank.com/data/online-valid.csv,phishing
https://l.wl.co/l?u=https://qrco.de/bfLkV1,https://data.phishtank.com/data/online-valid.csv,phishing
https://docs.google.com/presentation/d/e/2PACX-1vQZQ_yt-QM_zn7EJGzY5XI0xlYO5w8-oVL_mnbx4YhvN1X_Ry1VWDpGM_NkEG-A-GjY4rs8Suko1Cal/pub?start=false&amp;loop=false&amp;delayms=3000,https://data.phishtank.com/data/online-valid.csv,phishing
https://nicosiaportal.firebaseapp.com/,https://data.phishtank.com/data/online-valid.csv,phishing
https://us14.campaign-archive.com/?u=3369b66a816ec2fae229302c9&id=548dd90e06,https://data.phishtank.com/data/online-valid.csv,phishing
https://l.wl.co/l?u=https://qrco.de/bfIglb,https://data.phishtank.com/data/online-valid.csv,phishing
https://l.wl.co/l?u=https://ungu.in/aerhbaergaergvaerx,https://data.phishtank.com/data/online-valid.csv,phishing
https://doplmauinterd.weebly.com/,https://data.phishtank.com/data/online-valid.csv,phishing
https://case1009841851085.web.app/,https://data.phishtank.com/data/online-valid.csv,phishing
https://ee-service-help.web.app/,https://data.phishtank.com/data/online-valid.csv,phishing
https://docs.google.com/presentation/d/e/2PACX-1vTpDKi2pg6cn1EWzSXzbOpjBpAvk_JHKcLXC75TwQMPa4ZoqPH8mEAqjVyzJplGkFCaaiL6gp5CoZAS/pub?start=false&amp;loop=false&amp;delayms=3000,https://data.phishtank.com/data/online-valid.csv,phishing
https://account.booking.com/sign-in?op_token=EgVvYXV0aCKyAQoUNlo3Mm9IT2QzNk5uN3prM3BpcmgSCWF1dGhvcml6ZRoaaHR0cHM6Ly9hZG1pbi5ib29raW5nLmNvbS8qOnsiYXV0aF9hdHRlbXB0X2lkIjoiNzE0N2ZjNTItN2NhZS00ZTdmLWIzNTEtMjUyYzAxZWQ0NDAyIn0yK3FYenBEZ0d1SUlneGozQ3JrVnl6VWYweE9uclhvdmFuc2tjYXBFcFpBSG86BFMyNTZCBGNvZGUqEzDs6KOP5qYnOgBCAFiizYS0pzI,https://data.phishtank.com/data/online-valid.csv,phishing
https://docs.google.com/presentation/d/e/2PACX-1vSvNSrBSOjHXJ-SL-g1tYzCvGL0NXObo_oT7yAk8mS3YTm2nYDXGE2g9owUfKYaytt43XmZp2y8zfAa/pub?start=false&amp;loop=false&amp;delayms=3000,https://data.phishtank.com/data/online-valid.csv,phishing
https://sites.google.com/view/egwen/home,https://data.phishtank.com/data/online-valid.csv,phishing
https://bci.ingresacuenta.sbs/,https://data.phishtank.com/data/online-valid.csv,phishing
https://sites.google.com/view/oihcucufdpoi/home?authuser=7,https://data.phishtank.com/data/online-valid.csv,phishing
https://bit.ly/3NOEGvI,https://data.phishtank.com/data/online-valid.csv,phishing
https://new.express.adobe.com/webpage/inK2cQbSylNA7,https://data.phishtank.com/data/online-valid.csv,phishing
https://www.jotform.com/app/252542792094563,https://data.phishtank.com/data/online-valid.csv,phishing
https://share.ebforms.com/5610519690477568,https://data.phishtank.com/data/online-valid.csv,phishing
https://jgc-algeria.com/tunnel/email-template.html,https://data.phishtank.com/data/online-valid.csv,phishing
https://sites.google.com/view/sijwe/inicio,https://data.phishtank.com/data/online-valid.csv,phishing
